algorithm_id,algorithm_name,public_context_path,metadata_context_path,evidence_path,domain,input_model,access_model,output_contract,time_complexity,space_complexity,confidence_score,source_count,source_quality,card_digest,second_pass_rule
AW-000010,Eppstein,corpus\algorithm_wiki\algowiki1901_rich_v1_second_pass\public_context_recovered\AW-000010.yaml,corpus\algorithm_wiki\algowiki1901_rich_v1_second_pass\metadata_context_recovered\AW-000010.meta.yaml,corpus\algorithm_wiki\algowiki1901_rich_v1_second_pass\evidence_recovered\AW-000010.context.evidence.yaml,dynamic_programming,explicit_combinatorial_problem,offline_batch_queries,yes_no_decision,\tilde{O}(n \max(S)),O(t\log t),75,3,HIGH,d9d99757ef84c2b1,subset_sum
AW-000013,Lokshtanov,corpus\algorithm_wiki\algowiki1901_rich_v1_second_pass\public_context_recovered\AW-000013.yaml,corpus\algorithm_wiki\algowiki1901_rich_v1_second_pass\metadata_context_recovered\AW-000013.meta.yaml,corpus\algorithm_wiki\algowiki1901_rich_v1_second_pass\evidence_recovered\AW-000013.context.evidence.yaml,dynamic_programming,explicit_combinatorial_problem,offline_batch_queries,yes_no_decision,\tilde{O}(n^3 t),O(n^2),85,4,HIGH,5c1fecce7e2ae9bc,subset_sum
AW-000034,Brute Force,corpus\algorithm_wiki\algowiki1901_rich_v1_second_pass\public_context_recovered\AW-000034.yaml,corpus\algorithm_wiki\algowiki1901_rich_v1_second_pass\metadata_context_recovered\AW-000034.meta.yaml,corpus\algorithm_wiki\algowiki1901_rich_v1_second_pass\evidence_recovered\AW-000034.context.evidence.yaml,dynamic_programming,explicit_dynamic_programming_problem,random_access_string,full_solution,O(4^n),O(n),80,2,HIGH,1d84c71173505749,matrix_chain_ordering
AW-000057,Bjorck-Pereyra,corpus\algorithm_wiki\algowiki1901_rich_v1_second_pass\public_context_recovered\AW-000057.yaml,corpus\algorithm_wiki\algowiki1901_rich_v1_second_pass\metadata_context_recovered\AW-000057.meta.yaml,corpus\algorithm_wiki\algowiki1901_rich_v1_second_pass\evidence_recovered\AW-000057.context.evidence.yaml,matrix_linear_algebra,explicit_matrix_problem,dense_matrix_access,full_classical_output,O(n^2),O(n^2),80,3,HIGH,e44194207b3f4867,vandermonde_linear_system
AW-000063,Naive Implementation,corpus\algorithm_wiki\algowiki1901_rich_v1_second_pass\public_context_recovered\AW-000063.yaml,corpus\algorithm_wiki\algowiki1901_rich_v1_second_pass\metadata_context_recovered\AW-000063.meta.yaml,corpus\algorithm_wiki\algowiki1901_rich_v1_second_pass\evidence_recovered\AW-000063.context.evidence.yaml,computational_geometry,explicit_geometry_problem,explicit_geometric_objects,one_witness,O(kn^2),O(1),80,2,HIGH,3048a9229071f5cd,point_set_geometry
AW-000081,Rabin-Karp (RK) algorithm,corpus\algorithm_wiki\algowiki1901_rich_v1_second_pass\public_context_recovered\AW-000081.yaml,corpus\algorithm_wiki\algowiki1901_rich_v1_second_pass\metadata_context_recovered\AW-000081.meta.yaml,corpus\algorithm_wiki\algowiki1901_rich_v1_second_pass\evidence_recovered\AW-000081.context.evidence.yaml,string,explicit_string_problem,random_access_string,one_witness,O(mn),O(1),80,2,HIGH,34dc401b9559daaa,string_matching
AW-000088,Rabin–Scott powerset construction,corpus\algorithm_wiki\algowiki1901_rich_v1_second_pass\public_context_recovered\AW-000088.yaml,corpus\algorithm_wiki\algowiki1901_rich_v1_second_pass\metadata_context_recovered\AW-000088.meta.yaml,corpus\algorithm_wiki\algowiki1901_rich_v1_second_pass\evidence_recovered\AW-000088.context.evidence.yaml,combinatorics,explicit_combinatorial_problem,explicit_input_instance,full_solution,O(2^n),O(1),85,3,HIGH,d4dbf32ab64dd74d,automata_subset_construction
AW-000089,Karatsuba Algorithm,corpus\algorithm_wiki\algowiki1901_rich_v1_second_pass\public_context_recovered\AW-000089.yaml,corpus\algorithm_wiki\algowiki1901_rich_v1_second_pass\metadata_context_recovered\AW-000089.meta.yaml,corpus\algorithm_wiki\algowiki1901_rich_v1_second_pass\evidence_recovered\AW-000089.context.evidence.yaml,combinatorics,explicit_combinatorial_problem,random_access_string,full_solution,O(n^{1.58}),O(n),80,3,HIGH,08bd2af3e484b780,integer_multiplication
AW-000090,Toom-3,corpus\algorithm_wiki\algowiki1901_rich_v1_second_pass\public_context_recovered\AW-000090.yaml,corpus\algorithm_wiki\algowiki1901_rich_v1_second_pass\metadata_context_recovered\AW-000090.meta.yaml,corpus\algorithm_wiki\algowiki1901_rich_v1_second_pass\evidence_recovered\AW-000090.context.evidence.yaml,combinatorics,explicit_combinatorial_problem,random_access_string,full_solution,O(n^{1.46}),O(n),80,2,HIGH,7da438fa1ff54444,integer_multiplication
AW-000091,Long Multiplication,corpus\algorithm_wiki\algowiki1901_rich_v1_second_pass\public_context_recovered\AW-000091.yaml,corpus\algorithm_wiki\algowiki1901_rich_v1_second_pass\metadata_context_recovered\AW-000091.meta.yaml,corpus\algorithm_wiki\algowiki1901_rich_v1_second_pass\evidence_recovered\AW-000091.context.evidence.yaml,combinatorics,explicit_combinatorial_problem,random_access_string,full_solution,O(n^2),O(n),80,2,HIGH,bd25c8a3712279bc,integer_multiplication
AW-000102,Brute Force,corpus\algorithm_wiki\algowiki1901_rich_v1_second_pass\public_context_recovered\AW-000102.yaml,corpus\algorithm_wiki\algowiki1901_rich_v1_second_pass\metadata_context_recovered\AW-000102.meta.yaml,corpus\algorithm_wiki\algowiki1901_rich_v1_second_pass\evidence_recovered\AW-000102.context.evidence.yaml,image_processing,explicit_image_processing_problem,explicit_input_instance,full_solution,O(n^3),O(1),80,2,HIGH,14edaa797b69b456,rendering_shading
AW-000103,Grenander,corpus\algorithm_wiki\algowiki1901_rich_v1_second_pass\public_context_recovered\AW-000103.yaml,corpus\algorithm_wiki\algowiki1901_rich_v1_second_pass\metadata_context_recovered\AW-000103.meta.yaml,corpus\algorithm_wiki\algowiki1901_rich_v1_second_pass\evidence_recovered\AW-000103.context.evidence.yaml,dynamic_programming,explicit_dynamic_programming_problem,random_access_array,full_solution,O(n^2),O(n),80,2,HIGH,82eab62471887f1a,maximum_subarray
AW-000104,Faster Brute Force (via x[L:U] = x[L:U-1]+x[U]),corpus\algorithm_wiki\algowiki1901_rich_v1_second_pass\public_context_recovered\AW-000104.yaml,corpus\algorithm_wiki\algowiki1901_rich_v1_second_pass\metadata_context_recovered\AW-000104.meta.yaml,corpus\algorithm_wiki\algowiki1901_rich_v1_second_pass\evidence_recovered\AW-000104.context.evidence.yaml,dynamic_programming,explicit_dynamic_programming_problem,random_access_array,full_solution,O(n^2),O(1),90,3,HIGH,deb21d45f30dac60,maximum_subarray
AW-000105,Shamos,corpus\algorithm_wiki\algowiki1901_rich_v1_second_pass\public_context_recovered\AW-000105.yaml,corpus\algorithm_wiki\algowiki1901_rich_v1_second_pass\metadata_context_recovered\AW-000105.meta.yaml,corpus\algorithm_wiki\algowiki1901_rich_v1_second_pass\evidence_recovered\AW-000105.context.evidence.yaml,image_processing,explicit_image_processing_problem,explicit_input_instance,full_solution,O(n \log n),O(\log n),80,2,HIGH,24cb77f66cd23ffe,rendering_shading
AW-000106,Kadane's Algorithm,corpus\algorithm_wiki\algowiki1901_rich_v1_second_pass\public_context_recovered\AW-000106.yaml,corpus\algorithm_wiki\algowiki1901_rich_v1_second_pass\metadata_context_recovered\AW-000106.meta.yaml,corpus\algorithm_wiki\algowiki1901_rich_v1_second_pass\evidence_recovered\AW-000106.context.evidence.yaml,dynamic_programming,explicit_dynamic_programming_problem,random_access_array,full_solution,O(n),O(1),80,2,HIGH,6f982eafba43b0c5,maximum_subarray
AW-000113,Brute Force,corpus\algorithm_wiki\algowiki1901_rich_v1_second_pass\public_context_recovered\AW-000113.yaml,corpus\algorithm_wiki\algowiki1901_rich_v1_second_pass\metadata_context_recovered\AW-000113.meta.yaml,corpus\algorithm_wiki\algowiki1901_rich_v1_second_pass\evidence_recovered\AW-000113.context.evidence.yaml,dynamic_programming,explicit_dynamic_programming_problem,offline_batch_queries,full_solution,O(n 2^n),O(n),80,2,HIGH,4061d661fe879fe8,rod_cutting
AW-000115,Brute Force,corpus\algorithm_wiki\algowiki1901_rich_v1_second_pass\public_context_recovered\AW-000115.yaml,corpus\algorithm_wiki\algowiki1901_rich_v1_second_pass\metadata_context_recovered\AW-000115.meta.yaml,corpus\algorithm_wiki\algowiki1901_rich_v1_second_pass\evidence_recovered\AW-000115.context.evidence.yaml,dynamic_programming,explicit_dynamic_programming_problem,offline_batch_queries,one_witness,O(S^n),O(n),80,2,HIGH,4369f39d1ec77e29,coin_change
AW-000124,The SUSAN corner detector,corpus\algorithm_wiki\algowiki1901_rich_v1_second_pass\public_context_recovered\AW-000124.yaml,corpus\algorithm_wiki\algowiki1901_rich_v1_second_pass\metadata_context_recovered\AW-000124.meta.yaml,corpus\algorithm_wiki\algowiki1901_rich_v1_second_pass\evidence_recovered\AW-000124.context.evidence.yaml,image_processing,explicit_image_processing_problem,explicit_input_instance,full_solution,O(n^3),unknown,65,2,HIGH,eb055c560789e02a,image_feature_detection
AW-000130,R. Paget I.D. Longstaff,corpus\algorithm_wiki\algowiki1901_rich_v1_second_pass\public_context_recovered\AW-000130.yaml,corpus\algorithm_wiki\algowiki1901_rich_v1_second_pass\metadata_context_recovered\AW-000130.meta.yaml,corpus\algorithm_wiki\algowiki1901_rich_v1_second_pass\evidence_recovered\AW-000130.context.evidence.yaml,image_processing,explicit_image_processing_problem,explicit_input_instance,full_solution,O(n^3),unknown,75,3,HIGH,05f4ac02ed35483e,image_segmentation
AW-000138,Khuller Matias,corpus\algorithm_wiki\algowiki1901_rich_v1_second_pass\public_context_recovered\AW-000138.yaml,corpus\algorithm_wiki\algowiki1901_rich_v1_second_pass\metadata_context_recovered\AW-000138.meta.yaml,corpus\algorithm_wiki\algowiki1901_rich_v1_second_pass\evidence_recovered\AW-000138.context.evidence.yaml,computational_geometry,explicit_geometry_problem,explicit_geometric_objects,one_witness,O(n),"O(n), not sure if this is auxiliary",80,3,HIGH,9e7d58333020fe55,point_set_geometry
AW-000140,Bitap algorithm,corpus\algorithm_wiki\algowiki1901_rich_v1_second_pass\public_context_recovered\AW-000140.yaml,corpus\algorithm_wiki\algowiki1901_rich_v1_second_pass\metadata_context_recovered\AW-000140.meta.yaml,corpus\algorithm_wiki\algowiki1901_rich_v1_second_pass\evidence_recovered\AW-000140.context.evidence.yaml,string,explicit_string_problem,random_access_string,one_witness,O(mn),O(m),80,2,HIGH,44ef24b164c455bc,string_matching
AW-000156,Hashing,corpus\algorithm_wiki\algowiki1901_rich_v1_second_pass\public_context_recovered\AW-000156.yaml,corpus\algorithm_wiki\algowiki1901_rich_v1_second_pass\metadata_context_recovered\AW-000156.meta.yaml,corpus\algorithm_wiki\algowiki1901_rich_v1_second_pass\evidence_recovered\AW-000156.context.evidence.yaml,data_structures,explicit_data_structure_problem,random_access_string,data_structure_output,O(n),O(n),80,2,HIGH,9650352eba9f6095,data_structure
AW-000205,Fortune and Hopcroft,corpus\algorithm_wiki\algowiki1901_rich_v1_second_pass\public_context_recovered\AW-000205.yaml,corpus\algorithm_wiki\algowiki1901_rich_v1_second_pass\metadata_context_recovered\AW-000205.meta.yaml,corpus\algorithm_wiki\algowiki1901_rich_v1_second_pass\evidence_recovered\AW-000205.context.evidence.yaml,computational_geometry,explicit_geometry_problem,explicit_geometric_objects,one_witness,O(kn \log\log n + n 3^k),O(n),80,3,HIGH,79e59d5167a7a1d4,point_set_geometry
AW-000206,Rabin' Algorithm,corpus\algorithm_wiki\algowiki1901_rich_v1_second_pass\public_context_recovered\AW-000206.yaml,corpus\algorithm_wiki\algowiki1901_rich_v1_second_pass\metadata_context_recovered\AW-000206.meta.yaml,corpus\algorithm_wiki\algowiki1901_rich_v1_second_pass\evidence_recovered\AW-000206.context.evidence.yaml,computational_geometry,explicit_geometry_problem,explicit_geometric_objects,one_witness,O(3^k n^2),O(n),80,3,HIGH,219bc53a14052460,point_set_geometry
AW-000207,Bentley Shamos,corpus\algorithm_wiki\algowiki1901_rich_v1_second_pass\public_context_recovered\AW-000207.yaml,corpus\algorithm_wiki\algowiki1901_rich_v1_second_pass\metadata_context_recovered\AW-000207.meta.yaml,corpus\algorithm_wiki\algowiki1901_rich_v1_second_pass\evidence_recovered\AW-000207.context.evidence.yaml,computational_geometry,explicit_geometry_problem,explicit_geometric_objects,one_witness,O(kn \log n),O(kn),80,3,HIGH,138dea1f3fe16e8e,point_set_geometry
AW-000208,Hinrichs Nievergelt Schorn,corpus\algorithm_wiki\algowiki1901_rich_v1_second_pass\public_context_recovered\AW-000208.yaml,corpus\algorithm_wiki\algowiki1901_rich_v1_second_pass\metadata_context_recovered\AW-000208.meta.yaml,corpus\algorithm_wiki\algowiki1901_rich_v1_second_pass\evidence_recovered\AW-000208.context.evidence.yaml,computational_geometry,explicit_geometry_problem,explicit_geometric_objects,one_witness,O(n \log n),O(n),80,3,HIGH,97f5c5ada391c6db,point_set_geometry
AW-000209,Shamos Hoey,corpus\algorithm_wiki\algowiki1901_rich_v1_second_pass\public_context_recovered\AW-000209.yaml,corpus\algorithm_wiki\algowiki1901_rich_v1_second_pass\metadata_context_recovered\AW-000209.meta.yaml,corpus\algorithm_wiki\algowiki1901_rich_v1_second_pass\evidence_recovered\AW-000209.context.evidence.yaml,computational_geometry,explicit_geometry_problem,explicit_geometric_objects,one_witness,O(n \log n),O(n),90,3,HIGH,5315b1e6bcd15864,point_set_geometry
AW-000210,Dyer,corpus\algorithm_wiki\algowiki1901_rich_v1_second_pass\public_context_recovered\AW-000210.yaml,corpus\algorithm_wiki\algowiki1901_rich_v1_second_pass\metadata_context_recovered\AW-000210.meta.yaml,corpus\algorithm_wiki\algowiki1901_rich_v1_second_pass\evidence_recovered\AW-000210.context.evidence.yaml,computational_geometry,explicit_geometry_problem,explicit_geometric_objects,one_witness,O(n) using O(n^2) processors,O(n^2),80,3,HIGH,3c2b681334c1703e,point_set_geometry
AW-000233,Trial division,corpus\algorithm_wiki\algowiki1901_rich_v1_second_pass\public_context_recovered\AW-000233.yaml,corpus\algorithm_wiki\algowiki1901_rich_v1_second_pass\metadata_context_recovered\AW-000233.meta.yaml,corpus\algorithm_wiki\algowiki1901_rich_v1_second_pass\evidence_recovered\AW-000233.context.evidence.yaml,combinatorics,explicit_combinatorial_problem,explicit_input_instance,full_solution,O(2^{n/2}),O(n),80,2,HIGH,f53642780f9a29f4,integer_factorization
AW-000234,Wheel factorization,corpus\algorithm_wiki\algowiki1901_rich_v1_second_pass\public_context_recovered\AW-000234.yaml,corpus\algorithm_wiki\algowiki1901_rich_v1_second_pass\metadata_context_recovered\AW-000234.meta.yaml,corpus\algorithm_wiki\algowiki1901_rich_v1_second_pass\evidence_recovered\AW-000234.context.evidence.yaml,combinatorics,explicit_combinatorial_problem,explicit_input_instance,full_solution,O(2^{n/2}),O(n),80,2,HIGH,1011b4eac1bf0712,integer_factorization
AW-000238,Lenstra elliptic curve factorization,corpus\algorithm_wiki\algowiki1901_rich_v1_second_pass\public_context_recovered\AW-000238.yaml,corpus\algorithm_wiki\algowiki1901_rich_v1_second_pass\metadata_context_recovered\AW-000238.meta.yaml,corpus\algorithm_wiki\algowiki1901_rich_v1_second_pass\evidence_recovered\AW-000238.context.evidence.yaml,combinatorics,explicit_combinatorial_problem,explicit_input_instance,full_solution,O(e^{\sqrt{(1+o(1))n\log n}}),O(n),80,3,HIGH,1cf28ce22b25dab6,integer_factorization
AW-000239,Fermat's factorization method,corpus\algorithm_wiki\algowiki1901_rich_v1_second_pass\public_context_recovered\AW-000239.yaml,corpus\algorithm_wiki\algowiki1901_rich_v1_second_pass\metadata_context_recovered\AW-000239.meta.yaml,corpus\algorithm_wiki\algowiki1901_rich_v1_second_pass\evidence_recovered\AW-000239.context.evidence.yaml,combinatorics,explicit_combinatorial_problem,explicit_input_instance,full_solution,O(2^n),O(n),85,3,HIGH,acd46bdd892c060a,integer_factorization
AW-000240,Euler's factorization method,corpus\algorithm_wiki\algowiki1901_rich_v1_second_pass\public_context_recovered\AW-000240.yaml,corpus\algorithm_wiki\algowiki1901_rich_v1_second_pass\metadata_context_recovered\AW-000240.meta.yaml,corpus\algorithm_wiki\algowiki1901_rich_v1_second_pass\evidence_recovered\AW-000240.context.evidence.yaml,combinatorics,explicit_combinatorial_problem,explicit_input_instance,full_solution,O(2^{n/2}),O(n),80,2,HIGH,24661a579300c46e,integer_factorization
AW-000241,Dixon's algorithm,corpus\algorithm_wiki\algowiki1901_rich_v1_second_pass\public_context_recovered\AW-000241.yaml,corpus\algorithm_wiki\algowiki1901_rich_v1_second_pass\metadata_context_recovered\AW-000241.meta.yaml,corpus\algorithm_wiki\algowiki1901_rich_v1_second_pass\evidence_recovered\AW-000241.context.evidence.yaml,combinatorics,explicit_combinatorial_problem,explicit_input_instance,full_solution,O(e^{2 \sqrt{2} \sqrt{n\log n}}),O(n+(B/\log B)^2),80,3,HIGH,de640970c842e6c3,integer_factorization
AW-000242,Continued fraction factorization (CFRAC),corpus\algorithm_wiki\algowiki1901_rich_v1_second_pass\public_context_recovered\AW-000242.yaml,corpus\algorithm_wiki\algowiki1901_rich_v1_second_pass\metadata_context_recovered\AW-000242.meta.yaml,corpus\algorithm_wiki\algowiki1901_rich_v1_second_pass\evidence_recovered\AW-000242.context.evidence.yaml,combinatorics,explicit_combinatorial_problem,explicit_input_instance,full_solution,O(e^{\sqrt{2n\log n}}),O(n+(B/\log B)^2),80,3,HIGH,3226f3733f28efe7,integer_factorization
AW-000243,Quadratic sieve,corpus\algorithm_wiki\algowiki1901_rich_v1_second_pass\public_context_recovered\AW-000243.yaml,corpus\algorithm_wiki\algowiki1901_rich_v1_second_pass\metadata_context_recovered\AW-000243.meta.yaml,corpus\algorithm_wiki\algowiki1901_rich_v1_second_pass\evidence_recovered\AW-000243.context.evidence.yaml,combinatorics,explicit_combinatorial_problem,explicit_input_instance,full_solution,"O(e^{\sqrt{(1+o(1))n \log n}}), under assumption about numbers in a sequence behaving randomly in a given range",O(n+(B/\log B)^2),80,2,HIGH,a44ee8b3cbe13958,integer_factorization
AW-000244,Rational sieve,corpus\algorithm_wiki\algowiki1901_rich_v1_second_pass\public_context_recovered\AW-000244.yaml,corpus\algorithm_wiki\algowiki1901_rich_v1_second_pass\metadata_context_recovered\AW-000244.meta.yaml,corpus\algorithm_wiki\algowiki1901_rich_v1_second_pass\evidence_recovered\AW-000244.context.evidence.yaml,combinatorics,explicit_combinatorial_problem,explicit_input_instance,full_solution,O(e^{\sqrt{(2+o(1))n \log n}}),O(n+(B/\log B)^2),80,2,HIGH,7075a330bfd6a427,integer_factorization
AW-000245,Shanks's square forms factorization (SQUFOF),corpus\algorithm_wiki\algowiki1901_rich_v1_second_pass\public_context_recovered\AW-000245.yaml,corpus\algorithm_wiki\algowiki1901_rich_v1_second_pass\metadata_context_recovered\AW-000245.meta.yaml,corpus\algorithm_wiki\algowiki1901_rich_v1_second_pass\evidence_recovered\AW-000245.context.evidence.yaml,combinatorics,explicit_combinatorial_problem,explicit_input_instance,full_solution,O(2^{n/4}),O(n),80,2,HIGH,d27bbb5dbd00460d,integer_factorization
AW-000257,Furer's algorithm,corpus\algorithm_wiki\algowiki1901_rich_v1_second_pass\public_context_recovered\AW-000257.yaml,corpus\algorithm_wiki\algowiki1901_rich_v1_second_pass\metadata_context_recovered\AW-000257.meta.yaml,corpus\algorithm_wiki\algowiki1901_rich_v1_second_pass\evidence_recovered\AW-000257.context.evidence.yaml,combinatorics,explicit_combinatorial_problem,random_access_string,full_solution,O(n \log n 2^{O(\log^*n)}),O(n) auxiliary,80,2,HIGH,cde1eafad58dc63f,integer_multiplication
AW-000259,Harvey Hoeven,corpus\algorithm_wiki\algowiki1901_rich_v1_second_pass\public_context_recovered\AW-000259.yaml,corpus\algorithm_wiki\algowiki1901_rich_v1_second_pass\metadata_context_recovered\AW-000259.meta.yaml,corpus\algorithm_wiki\algowiki1901_rich_v1_second_pass\evidence_recovered\AW-000259.context.evidence.yaml,combinatorics,explicit_combinatorial_problem,random_access_string,full_solution,O(n \log n),O(n) auxiliary,80,3,HIGH,b7310303a24d79f7,integer_multiplication
AW-000260,Harvey Hoeven Lecerf,corpus\algorithm_wiki\algowiki1901_rich_v1_second_pass\public_context_recovered\AW-000260.yaml,corpus\algorithm_wiki\algowiki1901_rich_v1_second_pass\metadata_context_recovered\AW-000260.meta.yaml,corpus\algorithm_wiki\algowiki1901_rich_v1_second_pass\evidence_recovered\AW-000260.context.evidence.yaml,combinatorics,explicit_combinatorial_problem,random_access_string,full_solution,O(n \log n 2^{3 \log^*n}),O(n) auxiliary,95,4,HIGH,acc530b82aa91595,integer_multiplication
AW-000264,Lamport's bakery algorithm,corpus\algorithm_wiki\algowiki1901_rich_v1_second_pass\public_context_recovered\AW-000264.yaml,corpus\algorithm_wiki\algowiki1901_rich_v1_second_pass\metadata_context_recovered\AW-000264.meta.yaml,corpus\algorithm_wiki\algowiki1901_rich_v1_second_pass\evidence_recovered\AW-000264.context.evidence.yaml,parallel_algorithms,explicit_parallel_algorithm_problem,explicit_input_instance,yes_no_decision,O(n),"O(1) per process, O(n) total",75,2,HIGH,6c2ce1d7ae5cf99e,distributed_mutual_exclusion
AW-000265,Szymanski's algorithm,corpus\algorithm_wiki\algowiki1901_rich_v1_second_pass\public_context_recovered\AW-000265.yaml,corpus\algorithm_wiki\algowiki1901_rich_v1_second_pass\metadata_context_recovered\AW-000265.meta.yaml,corpus\algorithm_wiki\algowiki1901_rich_v1_second_pass\evidence_recovered\AW-000265.context.evidence.yaml,parallel_algorithms,explicit_parallel_algorithm_problem,explicit_input_instance,yes_no_decision,O(n),"O(1) per process, O(n) total",75,3,HIGH,b79f7ca785516f10,distributed_mutual_exclusion
AW-000266,Taubenfeld's black-white bakery algorithm,corpus\algorithm_wiki\algowiki1901_rich_v1_second_pass\public_context_recovered\AW-000266.yaml,corpus\algorithm_wiki\algowiki1901_rich_v1_second_pass\metadata_context_recovered\AW-000266.meta.yaml,corpus\algorithm_wiki\algowiki1901_rich_v1_second_pass\evidence_recovered\AW-000266.context.evidence.yaml,parallel_algorithms,explicit_parallel_algorithm_problem,explicit_input_instance,yes_no_decision,O(n),"O(1) per process, O(n) total",85,4,HIGH,7b650b995a29f4dc,distributed_mutual_exclusion
AW-000267,Maekawa's algorithm,corpus\algorithm_wiki\algowiki1901_rich_v1_second_pass\public_context_recovered\AW-000267.yaml,corpus\algorithm_wiki\algowiki1901_rich_v1_second_pass\metadata_context_recovered\AW-000267.meta.yaml,corpus\algorithm_wiki\algowiki1901_rich_v1_second_pass\evidence_recovered\AW-000267.context.evidence.yaml,parallel_algorithms,explicit_parallel_algorithm_problem,explicit_input_instance,yes_no_decision,O(n^{0.5}),"O(1) per process, O(n) total",75,2,HIGH,d90918b9f3821083,distributed_mutual_exclusion
AW-000269,Suzuki-Kasami's algorithm,corpus\algorithm_wiki\algowiki1901_rich_v1_second_pass\public_context_recovered\AW-000269.yaml,corpus\algorithm_wiki\algowiki1901_rich_v1_second_pass\metadata_context_recovered\AW-000269.meta.yaml,corpus\algorithm_wiki\algowiki1901_rich_v1_second_pass\evidence_recovered\AW-000269.context.evidence.yaml,parallel_algorithms,explicit_parallel_algorithm_problem,explicit_input_instance,yes_no_decision,O(n) (originally this had O(\log n)),"O(1) per process, O(n) total",85,4,HIGH,e07efb09c5dad953,distributed_mutual_exclusion
AW-000272,Bird,corpus\algorithm_wiki\algowiki1901_rich_v1_second_pass\public_context_recovered\AW-000272.yaml,corpus\algorithm_wiki\algowiki1901_rich_v1_second_pass\metadata_context_recovered\AW-000272.meta.yaml,corpus\algorithm_wiki\algowiki1901_rich_v1_second_pass\evidence_recovered\AW-000272.context.evidence.yaml,image_processing,explicit_image_processing_problem,explicit_input_instance,full_solution,O(n),O(1) auxiliary,85,4,HIGH,65d95b64c3fa70c7,rendering_shading
AW-000273,Resource hierarchy solution,corpus\algorithm_wiki\algowiki1901_rich_v1_second_pass\public_context_recovered\AW-000273.yaml,corpus\algorithm_wiki\algowiki1901_rich_v1_second_pass\metadata_context_recovered\AW-000273.meta.yaml,corpus\algorithm_wiki\algowiki1901_rich_v1_second_pass\evidence_recovered\AW-000273.context.evidence.yaml,parallel_algorithms,explicit_parallel_algorithm_problem,explicit_input_instance,full_solution,O(2^n),O(n),75,3,HIGH,2a097e1a72c63b0d,dining_philosophers
AW-000274,Arbitrator solution,corpus\algorithm_wiki\algowiki1901_rich_v1_second_pass\public_context_recovered\AW-000274.yaml,corpus\algorithm_wiki\algowiki1901_rich_v1_second_pass\metadata_context_recovered\AW-000274.meta.yaml,corpus\algorithm_wiki\algowiki1901_rich_v1_second_pass\evidence_recovered\AW-000274.context.evidence.yaml,parallel_algorithms,explicit_parallel_algorithm_problem,explicit_input_instance,full_solution,O(2^n),O(1),75,3,HIGH,65d3bd71dab50a4a,dining_philosophers
AW-000278,Overlap Layout Consensus,corpus\algorithm_wiki\algowiki1901_rich_v1_second_pass\public_context_recovered\AW-000278.yaml,corpus\algorithm_wiki\algowiki1901_rich_v1_second_pass\metadata_context_recovered\AW-000278.meta.yaml,corpus\algorithm_wiki\algowiki1901_rich_v1_second_pass\evidence_recovered\AW-000278.context.evidence.yaml,string,explicit_string_problem,random_access_string,full_solution,O(n^2),O(n^2),80,2,HIGH,37639f0065e0ee43,sequence_assembly
AW-000279,Greedy SEQAID,corpus\algorithm_wiki\algowiki1901_rich_v1_second_pass\public_context_recovered\AW-000279.yaml,corpus\algorithm_wiki\algowiki1901_rich_v1_second_pass\metadata_context_recovered\AW-000279.meta.yaml,corpus\algorithm_wiki\algowiki1901_rich_v1_second_pass\evidence_recovered\AW-000279.context.evidence.yaml,string,explicit_string_problem,random_access_string,full_solution,O(n^2),O(n^2),80,3,HIGH,273f2b944c968ecf,sequence_assembly
AW-000280,Dürer rendering algorithm,corpus\algorithm_wiki\algowiki1901_rich_v1_second_pass\public_context_recovered\AW-000280.yaml,corpus\algorithm_wiki\algowiki1901_rich_v1_second_pass\metadata_context_recovered\AW-000280.meta.yaml,corpus\algorithm_wiki\algowiki1901_rich_v1_second_pass\evidence_recovered\AW-000280.context.evidence.yaml,image_processing,explicit_image_processing_problem,explicit_input_instance,full_solution,O(n^2),unknown,65,2,HIGH,f3779dd9cdf45aab,rendering_shading
AW-000281,Appel's algorithm 1968,corpus\algorithm_wiki\algowiki1901_rich_v1_second_pass\public_context_recovered\AW-000281.yaml,corpus\algorithm_wiki\algowiki1901_rich_v1_second_pass\metadata_context_recovered\AW-000281.meta.yaml,corpus\algorithm_wiki\algowiki1901_rich_v1_second_pass\evidence_recovered\AW-000281.context.evidence.yaml,image_processing,explicit_image_processing_problem,explicit_input_instance,full_solution,O(n^2),unknown,75,4,HIGH,822da4ecf01e3def,rendering_shading
AW-000282,Whitted's algorithm 1979,corpus\algorithm_wiki\algowiki1901_rich_v1_second_pass\public_context_recovered\AW-000282.yaml,corpus\algorithm_wiki\algowiki1901_rich_v1_second_pass\metadata_context_recovered\AW-000282.meta.yaml,corpus\algorithm_wiki\algowiki1901_rich_v1_second_pass\evidence_recovered\AW-000282.context.evidence.yaml,image_processing,explicit_image_processing_problem,explicit_input_instance,full_solution,O(n^2),unknown,75,4,HIGH,7661a1f778b37b7b,rendering_shading
AW-000285,Moravec's algorithm 1980,corpus\algorithm_wiki\algowiki1901_rich_v1_second_pass\public_context_recovered\AW-000285.yaml,corpus\algorithm_wiki\algowiki1901_rich_v1_second_pass\metadata_context_recovered\AW-000285.meta.yaml,corpus\algorithm_wiki\algowiki1901_rich_v1_second_pass\evidence_recovered\AW-000285.context.evidence.yaml,image_processing,explicit_image_processing_problem,explicit_input_instance,full_solution,O(n^3),unknown,65,2,HIGH,76a0b7901d004955,image_feature_detection
AW-000286,Förstner algorithm 1987,corpus\algorithm_wiki\algowiki1901_rich_v1_second_pass\public_context_recovered\AW-000286.yaml,corpus\algorithm_wiki\algowiki1901_rich_v1_second_pass\metadata_context_recovered\AW-000286.meta.yaml,corpus\algorithm_wiki\algowiki1901_rich_v1_second_pass\evidence_recovered\AW-000286.context.evidence.yaml,image_processing,explicit_image_processing_problem,explicit_input_instance,full_solution,O(n^2 \log^2 n),unknown,65,2,HIGH,6f22d14b73016341,image_feature_detection
AW-000291,Lowe (2004),corpus\algorithm_wiki\algowiki1901_rich_v1_second_pass\public_context_recovered\AW-000291.yaml,corpus\algorithm_wiki\algowiki1901_rich_v1_second_pass\metadata_context_recovered\AW-000291.meta.yaml,corpus\algorithm_wiki\algowiki1901_rich_v1_second_pass\evidence_recovered\AW-000291.context.evidence.yaml,graph,explicit_graph_problem,adjacency_list_query,path_or_tree,O(n^2),unknown,65,2,HIGH,b16bc9db21035466,named_graph_problem
AW-000295,The Trajkovic and Hedley corner detector 1998,corpus\algorithm_wiki\algowiki1901_rich_v1_second_pass\public_context_recovered\AW-000295.yaml,corpus\algorithm_wiki\algowiki1901_rich_v1_second_pass\metadata_context_recovered\AW-000295.meta.yaml,corpus\algorithm_wiki\algowiki1901_rich_v1_second_pass\evidence_recovered\AW-000295.context.evidence.yaml,image_processing,explicit_image_processing_problem,explicit_input_instance,full_solution,O(n^2 \log^2 n),unknown,65,2,HIGH,da3b2a3b2b24ba60,image_feature_detection
AW-000297,Trujillo and Olague 2008,corpus\algorithm_wiki\algowiki1901_rich_v1_second_pass\public_context_recovered\AW-000297.yaml,corpus\algorithm_wiki\algowiki1901_rich_v1_second_pass\metadata_context_recovered\AW-000297.meta.yaml,corpus\algorithm_wiki\algowiki1901_rich_v1_second_pass\evidence_recovered\AW-000297.context.evidence.yaml,image_processing,explicit_image_processing_problem,explicit_input_instance,full_solution,O(n^2),unknown,75,4,HIGH,c26344576a23bfe6,image_feature_detection
AW-000302,SIFT Algorithm Lowe 2004,corpus\algorithm_wiki\algowiki1901_rich_v1_second_pass\public_context_recovered\AW-000302.yaml,corpus\algorithm_wiki\algowiki1901_rich_v1_second_pass\metadata_context_recovered\AW-000302.meta.yaml,corpus\algorithm_wiki\algowiki1901_rich_v1_second_pass\evidence_recovered\AW-000302.context.evidence.yaml,string,explicit_string_problem,random_access_string,one_witness,O(n^3),unknown,65,2,HIGH,5af46083f7e9e32b,string_matching
AW-000305,SURF Descriptor 2006,corpus\algorithm_wiki\algowiki1901_rich_v1_second_pass\public_context_recovered\AW-000305.yaml,corpus\algorithm_wiki\algowiki1901_rich_v1_second_pass\metadata_context_recovered\AW-000305.meta.yaml,corpus\algorithm_wiki\algowiki1901_rich_v1_second_pass\evidence_recovered\AW-000305.context.evidence.yaml,image_processing,explicit_image_processing_problem,explicit_input_instance,full_solution,O(n^2),unknown,65,2,HIGH,2a5eff83e2905e0b,image_feature_detection
AW-000306,Hessian-Laplace Mikolajczyk and Schmid 2004,corpus\algorithm_wiki\algowiki1901_rich_v1_second_pass\public_context_recovered\AW-000306.yaml,corpus\algorithm_wiki\algowiki1901_rich_v1_second_pass\metadata_context_recovered\AW-000306.meta.yaml,corpus\algorithm_wiki\algowiki1901_rich_v1_second_pass\evidence_recovered\AW-000306.context.evidence.yaml,image_processing,explicit_image_processing_problem,explicit_input_instance,full_solution,O(n^3),unknown,65,2,HIGH,a3439f51da826e0c,image_feature_detection
AW-000308,Lindeberg's watershed-based grey-level blob detection algorithm 1991,corpus\algorithm_wiki\algowiki1901_rich_v1_second_pass\public_context_recovered\AW-000308.yaml,corpus\algorithm_wiki\algowiki1901_rich_v1_second_pass\metadata_context_recovered\AW-000308.meta.yaml,corpus\algorithm_wiki\algowiki1901_rich_v1_second_pass\evidence_recovered\AW-000308.context.evidence.yaml,image_processing,explicit_image_processing_problem,explicit_input_instance,full_solution,O(n^3),unknown,65,2,HIGH,e14d080ac6bb0a96,image_feature_detection
AW-000312,local scale-invariant Lowe 1999,corpus\algorithm_wiki\algowiki1901_rich_v1_second_pass\public_context_recovered\AW-000312.yaml,corpus\algorithm_wiki\algowiki1901_rich_v1_second_pass\metadata_context_recovered\AW-000312.meta.yaml,corpus\algorithm_wiki\algowiki1901_rich_v1_second_pass\evidence_recovered\AW-000312.context.evidence.yaml,image_processing,explicit_image_processing_problem,explicit_input_instance,full_solution,O(n^3),unknown,65,2,HIGH,9431a91379c3577d,image_feature_detection
AW-000314,view frustum culling,corpus\algorithm_wiki\algowiki1901_rich_v1_second_pass\public_context_recovered\AW-000314.yaml,corpus\algorithm_wiki\algowiki1901_rich_v1_second_pass\metadata_context_recovered\AW-000314.meta.yaml,corpus\algorithm_wiki\algowiki1901_rich_v1_second_pass\evidence_recovered\AW-000314.context.evidence.yaml,computational_geometry,explicit_geometry_problem,explicit_geometric_objects,full_solution,O(n^2),unknown,65,2,HIGH,939ee42ad5abb87e,visibility_culling
AW-000315,Sector-Based Culling,corpus\algorithm_wiki\algowiki1901_rich_v1_second_pass\public_context_recovered\AW-000315.yaml,corpus\algorithm_wiki\algowiki1901_rich_v1_second_pass\metadata_context_recovered\AW-000315.meta.yaml,corpus\algorithm_wiki\algowiki1901_rich_v1_second_pass\evidence_recovered\AW-000315.context.evidence.yaml,computational_geometry,explicit_geometry_problem,explicit_geometric_objects,full_solution,O(n^2),unknown,65,2,HIGH,265572a6ed3639b5,visibility_culling
AW-000316,Occlusion Culling,corpus\algorithm_wiki\algowiki1901_rich_v1_second_pass\public_context_recovered\AW-000316.yaml,corpus\algorithm_wiki\algowiki1901_rich_v1_second_pass\metadata_context_recovered\AW-000316.meta.yaml,corpus\algorithm_wiki\algowiki1901_rich_v1_second_pass\evidence_recovered\AW-000316.context.evidence.yaml,computational_geometry,explicit_geometry_problem,explicit_geometric_objects,full_solution,O(n^2),unknown,65,2,HIGH,c82de72e2246d01a,visibility_culling
AW-000317,Contribution Culling,corpus\algorithm_wiki\algowiki1901_rich_v1_second_pass\public_context_recovered\AW-000317.yaml,corpus\algorithm_wiki\algowiki1901_rich_v1_second_pass\metadata_context_recovered\AW-000317.meta.yaml,corpus\algorithm_wiki\algowiki1901_rich_v1_second_pass\evidence_recovered\AW-000317.context.evidence.yaml,image_processing,explicit_image_processing_problem,explicit_input_instance,full_solution,O(n^2),unknown,65,2,HIGH,26f0480a628764a5,rendering_shading
AW-000322,He X. D. Torrance K. E. Sillion 1991,corpus\algorithm_wiki\algowiki1901_rich_v1_second_pass\public_context_recovered\AW-000322.yaml,corpus\algorithm_wiki\algowiki1901_rich_v1_second_pass\metadata_context_recovered\AW-000322.meta.yaml,corpus\algorithm_wiki\algowiki1901_rich_v1_second_pass\evidence_recovered\AW-000322.context.evidence.yaml,image_processing,explicit_image_processing_problem,explicit_input_instance,full_solution,O(k n^2),unknown,65,2,HIGH,a9280d27d8478385,rendering_shading
AW-000323,Kajiya J. Anisotropic Reflection Models 1985,corpus\algorithm_wiki\algowiki1901_rich_v1_second_pass\public_context_recovered\AW-000323.yaml,corpus\algorithm_wiki\algowiki1901_rich_v1_second_pass\metadata_context_recovered\AW-000323.meta.yaml,corpus\algorithm_wiki\algowiki1901_rich_v1_second_pass\evidence_recovered\AW-000323.context.evidence.yaml,image_processing,explicit_image_processing_problem,explicit_input_instance,full_solution,O(k n^2),unknown,65,2,HIGH,ca8d65056512ab03,rendering_shading
AW-000326,Westin S. H. Arvo J. R. and Torrance K. E 1992,corpus\algorithm_wiki\algowiki1901_rich_v1_second_pass\public_context_recovered\AW-000326.yaml,corpus\algorithm_wiki\algowiki1901_rich_v1_second_pass\metadata_context_recovered\AW-000326.meta.yaml,corpus\algorithm_wiki\algowiki1901_rich_v1_second_pass\evidence_recovered\AW-000326.context.evidence.yaml,image_processing,explicit_image_processing_problem,explicit_input_instance,full_solution,O(k n^2),unknown,65,2,HIGH,b7055c6675ca3dc5,rendering_shading
AW-000327,Phong,corpus\algorithm_wiki\algowiki1901_rich_v1_second_pass\public_context_recovered\AW-000327.yaml,corpus\algorithm_wiki\algowiki1901_rich_v1_second_pass\metadata_context_recovered\AW-000327.meta.yaml,corpus\algorithm_wiki\algowiki1901_rich_v1_second_pass\evidence_recovered\AW-000327.context.evidence.yaml,image_processing,explicit_image_processing_problem,explicit_input_instance,full_solution,O(n^3),unknown,65,2,HIGH,00da9086600e2954,rendering_shading
AW-000328,Blinn–Phong,corpus\algorithm_wiki\algowiki1901_rich_v1_second_pass\public_context_recovered\AW-000328.yaml,corpus\algorithm_wiki\algowiki1901_rich_v1_second_pass\metadata_context_recovered\AW-000328.meta.yaml,corpus\algorithm_wiki\algowiki1901_rich_v1_second_pass\evidence_recovered\AW-000328.context.evidence.yaml,image_processing,explicit_image_processing_problem,explicit_input_instance,full_solution,O(n^3),unknown,65,2,HIGH,f9cc0752038d8151,rendering_shading
AW-000329,Cook–Torrance (microfacets),corpus\algorithm_wiki\algowiki1901_rich_v1_second_pass\public_context_recovered\AW-000329.yaml,corpus\algorithm_wiki\algowiki1901_rich_v1_second_pass\metadata_context_recovered\AW-000329.meta.yaml,corpus\algorithm_wiki\algowiki1901_rich_v1_second_pass\evidence_recovered\AW-000329.context.evidence.yaml,image_processing,explicit_image_processing_problem,explicit_input_instance,full_solution,O(n^2),unknown,65,2,HIGH,8c5804a16035d542,rendering_shading
AW-000336,R. Nock and F. Nielsen Statistical Region Merging,corpus\algorithm_wiki\algowiki1901_rich_v1_second_pass\public_context_recovered\AW-000336.yaml,corpus\algorithm_wiki\algowiki1901_rich_v1_second_pass\metadata_context_recovered\AW-000336.meta.yaml,corpus\algorithm_wiki\algowiki1901_rich_v1_second_pass\evidence_recovered\AW-000336.context.evidence.yaml,image_processing,explicit_image_processing_problem,explicit_input_instance,full_solution,O(n^2),unknown,65,2,HIGH,4f0fc06692634bac,image_segmentation
AW-000339,S.L. Horowitz and T. Pavlidis - directed split and merge,corpus\algorithm_wiki\algowiki1901_rich_v1_second_pass\public_context_recovered\AW-000339.yaml,corpus\algorithm_wiki\algowiki1901_rich_v1_second_pass\metadata_context_recovered\AW-000339.meta.yaml,corpus\algorithm_wiki\algowiki1901_rich_v1_second_pass\evidence_recovered\AW-000339.context.evidence.yaml,image_processing,explicit_image_processing_problem,explicit_input_instance,full_solution,O(n^2),unknown,65,2,HIGH,433e96af1f9ccd2f,image_segmentation
AW-000340,David Mumford and Jayant Shah (1989),corpus\algorithm_wiki\algowiki1901_rich_v1_second_pass\public_context_recovered\AW-000340.yaml,corpus\algorithm_wiki\algowiki1901_rich_v1_second_pass\metadata_context_recovered\AW-000340.meta.yaml,corpus\algorithm_wiki\algowiki1901_rich_v1_second_pass\evidence_recovered\AW-000340.context.evidence.yaml,image_processing,explicit_image_processing_problem,explicit_input_instance,full_solution,O(n^2),unknown,65,2,HIGH,328427a2d83f35fc,image_segmentation
AW-000341,Geman and Geman Markov random fields,corpus\algorithm_wiki\algowiki1901_rich_v1_second_pass\public_context_recovered\AW-000341.yaml,corpus\algorithm_wiki\algowiki1901_rich_v1_second_pass\metadata_context_recovered\AW-000341.meta.yaml,corpus\algorithm_wiki\algowiki1901_rich_v1_second_pass\evidence_recovered\AW-000341.context.evidence.yaml,image_processing,explicit_image_processing_problem,explicit_input_instance,full_solution,O(n^2),unknown,65,2,HIGH,06eaf940d7310c95,image_segmentation
AW-000343,watershed transformation 1979,corpus\algorithm_wiki\algowiki1901_rich_v1_second_pass\public_context_recovered\AW-000343.yaml,corpus\algorithm_wiki\algowiki1901_rich_v1_second_pass\metadata_context_recovered\AW-000343.meta.yaml,corpus\algorithm_wiki\algowiki1901_rich_v1_second_pass\evidence_recovered\AW-000343.context.evidence.yaml,image_processing,explicit_image_processing_problem,explicit_input_instance,full_solution,O(n^2),unknown,65,2,HIGH,6e01098a439d824f,image_segmentation
AW-000344,topological watershed,corpus\algorithm_wiki\algowiki1901_rich_v1_second_pass\public_context_recovered\AW-000344.yaml,corpus\algorithm_wiki\algowiki1901_rich_v1_second_pass\metadata_context_recovered\AW-000344.meta.yaml,corpus\algorithm_wiki\algowiki1901_rich_v1_second_pass\evidence_recovered\AW-000344.context.evidence.yaml,image_processing,explicit_image_processing_problem,explicit_input_instance,full_solution,O(n^2),unknown,65,2,HIGH,e0ee0d4f4a5074c0,image_segmentation
AW-000349,Quasi-linear Topological watershed,corpus\algorithm_wiki\algowiki1901_rich_v1_second_pass\public_context_recovered\AW-000349.yaml,corpus\algorithm_wiki\algowiki1901_rich_v1_second_pass\metadata_context_recovered\AW-000349.meta.yaml,corpus\algorithm_wiki\algowiki1901_rich_v1_second_pass\evidence_recovered\AW-000349.context.evidence.yaml,image_processing,explicit_image_processing_problem,explicit_input_instance,full_solution,O(n \log n),unknown,65,2,HIGH,4900184c70af739d,image_segmentation
AW-000422,Special number field sieve,corpus\algorithm_wiki\algowiki1901_rich_v1_second_pass\public_context_recovered\AW-000422.yaml,corpus\algorithm_wiki\algowiki1901_rich_v1_second_pass\metadata_context_recovered\AW-000422.meta.yaml,corpus\algorithm_wiki\algowiki1901_rich_v1_second_pass\evidence_recovered\AW-000422.context.evidence.yaml,combinatorics,explicit_combinatorial_problem,explicit_input_instance,full_solution,"O(\exp((1+o(1))(32n/9)^{1/3}(log n)^{2/3}), under assumption about numbers in a sequence behaving randomly in a given range",O(\Gamma n^{4/3} \log n),80,2,HIGH,e8b3ed81756821ea,integer_factorization
AW-000426,Quick-Skip Searching,corpus\algorithm_wiki\algowiki1901_rich_v1_second_pass\public_context_recovered\AW-000426.yaml,corpus\algorithm_wiki\algowiki1901_rich_v1_second_pass\metadata_context_recovered\AW-000426.meta.yaml,corpus\algorithm_wiki\algowiki1901_rich_v1_second_pass\evidence_recovered\AW-000426.context.evidence.yaml,string,explicit_string_problem,random_access_string,one_witness,O(mn),O(m),80,2,HIGH,60c932f0383dd115,string_matching
AW-000430,Aho–Corasick (AC) Algorithm,corpus\algorithm_wiki\algowiki1901_rich_v1_second_pass\public_context_recovered\AW-000430.yaml,corpus\algorithm_wiki\algowiki1901_rich_v1_second_pass\metadata_context_recovered\AW-000430.meta.yaml,corpus\algorithm_wiki\algowiki1901_rich_v1_second_pass\evidence_recovered\AW-000430.context.evidence.yaml,string,explicit_string_problem,random_access_string,one_witness,O(n + m + z),O(km),80,2,HIGH,88305a9ec2494ec1,string_matching
AW-000432,Raita Algorithm,corpus\algorithm_wiki\algowiki1901_rich_v1_second_pass\public_context_recovered\AW-000432.yaml,corpus\algorithm_wiki\algowiki1901_rich_v1_second_pass\metadata_context_recovered\AW-000432.meta.yaml,corpus\algorithm_wiki\algowiki1901_rich_v1_second_pass\evidence_recovered\AW-000432.context.evidence.yaml,string,explicit_string_problem,random_access_string,one_witness,O(mn + s),O(s),80,2,HIGH,0effcc4e3a6532db,string_matching
AW-000434,Apostolico–Giancarlo Algorithm,corpus\algorithm_wiki\algowiki1901_rich_v1_second_pass\public_context_recovered\AW-000434.yaml,corpus\algorithm_wiki\algowiki1901_rich_v1_second_pass\metadata_context_recovered\AW-000434.meta.yaml,corpus\algorithm_wiki\algowiki1901_rich_v1_second_pass\evidence_recovered\AW-000434.context.evidence.yaml,string,explicit_string_problem,random_access_string,one_witness,O(m + s + n),O(m),80,3,HIGH,b73e354fd04e48ae,string_matching
AW-000450,Peterson's algorithm,corpus\algorithm_wiki\algowiki1901_rich_v1_second_pass\public_context_recovered\AW-000450.yaml,corpus\algorithm_wiki\algowiki1901_rich_v1_second_pass\metadata_context_recovered\AW-000450.meta.yaml,corpus\algorithm_wiki\algowiki1901_rich_v1_second_pass\evidence_recovered\AW-000450.context.evidence.yaml,parallel_algorithms,explicit_parallel_algorithm_problem,explicit_input_instance,yes_no_decision,O(n),O(n) total,75,2,HIGH,380ef6226ef69dcb,distributed_mutual_exclusion
AW-000451,Naimi-Trehel's algorithm,corpus\algorithm_wiki\algowiki1901_rich_v1_second_pass\public_context_recovered\AW-000451.yaml,corpus\algorithm_wiki\algowiki1901_rich_v1_second_pass\metadata_context_recovered\AW-000451.meta.yaml,corpus\algorithm_wiki\algowiki1901_rich_v1_second_pass\evidence_recovered\AW-000451.context.evidence.yaml,parallel_algorithms,explicit_parallel_algorithm_problem,explicit_input_instance,yes_no_decision,O(\log n),"O(1) per process, O(n) total",75,3,HIGH,ad6a850de689b383,distributed_mutual_exclusion
AW-000452,Chan-Singhal-Liu,corpus\algorithm_wiki\algowiki1901_rich_v1_second_pass\public_context_recovered\AW-000452.yaml,corpus\algorithm_wiki\algowiki1901_rich_v1_second_pass\metadata_context_recovered\AW-000452.meta.yaml,corpus\algorithm_wiki\algowiki1901_rich_v1_second_pass\evidence_recovered\AW-000452.context.evidence.yaml,parallel_algorithms,explicit_parallel_algorithm_problem,explicit_input_instance,yes_no_decision,O(\log n),"O(1) per process, O(n) total",85,3,HIGH,ef5455da32e2342b,distributed_mutual_exclusion
AW-000494,Von zur Gathen-Gerhard additive FFT,corpus\algorithm_wiki\algowiki1901_rich_v1_second_pass\public_context_recovered\AW-000494.yaml,corpus\algorithm_wiki\algowiki1901_rich_v1_second_pass\metadata_context_recovered\AW-000494.meta.yaml,corpus\algorithm_wiki\algowiki1901_rich_v1_second_pass\evidence_recovered\AW-000494.context.evidence.yaml,combinatorics,explicit_combinatorial_problem,explicit_input_instance,full_solution,O(n (\log n)^2),O(n),90,4,HIGH,6f24b3b74539d041,integer_factorization
AW-000558,Bowyer–Watson algorithm,corpus\algorithm_wiki\algowiki1901_rich_v1_second_pass\public_context_recovered\AW-000558.yaml,corpus\algorithm_wiki\algowiki1901_rich_v1_second_pass\metadata_context_recovered\AW-000558.meta.yaml,corpus\algorithm_wiki\algowiki1901_rich_v1_second_pass\evidence_recovered\AW-000558.context.evidence.yaml,computational_geometry,explicit_geometry_problem,explicit_geometric_objects,one_witness,O(n \log n),O(n),80,3,HIGH,19e537879e3b667b,point_set_geometry
AW-000567,Hopcroft's algorithm,corpus\algorithm_wiki\algowiki1901_rich_v1_second_pass\public_context_recovered\AW-000567.yaml,corpus\algorithm_wiki\algowiki1901_rich_v1_second_pass\metadata_context_recovered\AW-000567.meta.yaml,corpus\algorithm_wiki\algowiki1901_rich_v1_second_pass\evidence_recovered\AW-000567.context.evidence.yaml,combinatorics,explicit_combinatorial_problem,explicit_input_instance,full_solution,O(kn \log n),O(kn),80,3,HIGH,d211be8a1165276c,automata_subset_construction
AW-000569,Brzozowski's algorithm,corpus\algorithm_wiki\algowiki1901_rich_v1_second_pass\public_context_recovered\AW-000569.yaml,corpus\algorithm_wiki\algowiki1901_rich_v1_second_pass\metadata_context_recovered\AW-000569.meta.yaml,corpus\algorithm_wiki\algowiki1901_rich_v1_second_pass\evidence_recovered\AW-000569.context.evidence.yaml,combinatorics,explicit_combinatorial_problem,explicit_input_instance,full_solution,O(2^n),O(2^n),85,3,HIGH,1b31b341f3d9237a,automata_subset_construction
AW-000570,Revuz's algorithm,corpus\algorithm_wiki\algowiki1901_rich_v1_second_pass\public_context_recovered\AW-000570.yaml,corpus\algorithm_wiki\algowiki1901_rich_v1_second_pass\metadata_context_recovered\AW-000570.meta.yaml,corpus\algorithm_wiki\algowiki1901_rich_v1_second_pass\evidence_recovered\AW-000570.context.evidence.yaml,combinatorics,explicit_combinatorial_problem,explicit_input_instance,full_solution,O(n),O(n),80,3,HIGH,5fded83e5d5a6ce7,automata_subset_construction
AW-000571,Almeida & Zeitoun,corpus\algorithm_wiki\algowiki1901_rich_v1_second_pass\public_context_recovered\AW-000571.yaml,corpus\algorithm_wiki\algowiki1901_rich_v1_second_pass\metadata_context_recovered\AW-000571.meta.yaml,corpus\algorithm_wiki\algowiki1901_rich_v1_second_pass\evidence_recovered\AW-000571.context.evidence.yaml,combinatorics,explicit_combinatorial_problem,explicit_input_instance,full_solution,O(n),O(n),80,2,HIGH,bb7fc8c268e249f3,automata_subset_construction
AW-000617,Naive algorithm,corpus\algorithm_wiki\algowiki1901_rich_v1_second_pass\public_context_recovered\AW-000617.yaml,corpus\algorithm_wiki\algowiki1901_rich_v1_second_pass\metadata_context_recovered\AW-000617.meta.yaml,corpus\algorithm_wiki\algowiki1901_rich_v1_second_pass\evidence_recovered\AW-000617.context.evidence.yaml,computational_geometry,explicit_geometry_problem,explicit_geometric_objects,one_witness,O(n^4),O(n),80,2,HIGH,2f43d78c831d1fed,point_set_geometry
AW-000620,Bowyer–Watson algorithm,corpus\algorithm_wiki\algowiki1901_rich_v1_second_pass\public_context_recovered\AW-000620.yaml,corpus\algorithm_wiki\algowiki1901_rich_v1_second_pass\metadata_context_recovered\AW-000620.meta.yaml,corpus\algorithm_wiki\algowiki1901_rich_v1_second_pass\evidence_recovered\AW-000620.context.evidence.yaml,computational_geometry,explicit_geometry_problem,explicit_geometric_objects,one_witness,O(n \log n),O(n),80,3,HIGH,c0ed3995da6ea47b,point_set_geometry
AW-000621,Belloch,corpus\algorithm_wiki\algowiki1901_rich_v1_second_pass\public_context_recovered\AW-000621.yaml,corpus\algorithm_wiki\algowiki1901_rich_v1_second_pass\metadata_context_recovered\AW-000621.meta.yaml,corpus\algorithm_wiki\algowiki1901_rich_v1_second_pass\evidence_recovered\AW-000621.context.evidence.yaml,computational_geometry,explicit_geometry_problem,explicit_geometric_objects,one_witness,O(n \log n),O(n),80,2,HIGH,e76dc5d817ffdaa2,point_set_geometry
AW-000624,S-hull (Sinclair),corpus\algorithm_wiki\algowiki1901_rich_v1_second_pass\public_context_recovered\AW-000624.yaml,corpus\algorithm_wiki\algowiki1901_rich_v1_second_pass\metadata_context_recovered\AW-000624.meta.yaml,corpus\algorithm_wiki\algowiki1901_rich_v1_second_pass\evidence_recovered\AW-000624.context.evidence.yaml,computational_geometry,explicit_geometry_problem,explicit_geometric_objects,one_witness,O(n \log n),O(n),80,2,HIGH,2b1601383e1c8378,point_set_geometry
AW-000626,Drysdale Su,corpus\algorithm_wiki\algowiki1901_rich_v1_second_pass\public_context_recovered\AW-000626.yaml,corpus\algorithm_wiki\algowiki1901_rich_v1_second_pass\metadata_context_recovered\AW-000626.meta.yaml,corpus\algorithm_wiki\algowiki1901_rich_v1_second_pass\evidence_recovered\AW-000626.context.evidence.yaml,computational_geometry,explicit_geometry_problem,explicit_geometric_objects,one_witness,O(n),O(n),80,2,HIGH,75c3dbf723f5f04b,point_set_geometry
AW-000630,Hybrid Algorithm,corpus\algorithm_wiki\algowiki1901_rich_v1_second_pass\public_context_recovered\AW-000630.yaml,corpus\algorithm_wiki\algowiki1901_rich_v1_second_pass\metadata_context_recovered\AW-000630.meta.yaml,corpus\algorithm_wiki\algowiki1901_rich_v1_second_pass\evidence_recovered\AW-000630.context.evidence.yaml,string,explicit_string_problem,random_access_string,full_solution,O(n^2),unknown,85,3,HIGH,d5ff7de3a320bfaf,sequence_assembly
AW-000673,Brute force,corpus\algorithm_wiki\algowiki1901_rich_v1_second_pass\public_context_recovered\AW-000673.yaml,corpus\algorithm_wiki\algowiki1901_rich_v1_second_pass\metadata_context_recovered\AW-000673.meta.yaml,corpus\algorithm_wiki\algowiki1901_rich_v1_second_pass\evidence_recovered\AW-000673.context.evidence.yaml,data_structures,explicit_data_structure_problem,random_access_string,data_structure_output,O(n 2^n),O(n2^n),80,2,HIGH,0c1ca1a0a58baddc,data_structure
AW-000708,BOYS algorithm,corpus\algorithm_wiki\algowiki1901_rich_v1_second_pass\public_context_recovered\AW-000708.yaml,corpus\algorithm_wiki\algowiki1901_rich_v1_second_pass\metadata_context_recovered\AW-000708.meta.yaml,corpus\algorithm_wiki\algowiki1901_rich_v1_second_pass\evidence_recovered\AW-000708.context.evidence.yaml,string,explicit_string_problem,random_access_string,one_witness,O(n^2 k),O(n^2),80,3,HIGH,a02098eb734c1b79,string_matching
AW-000728,B.I. Kvasov,corpus\algorithm_wiki\algowiki1901_rich_v1_second_pass\public_context_recovered\AW-000728.yaml,corpus\algorithm_wiki\algowiki1901_rich_v1_second_pass\metadata_context_recovered\AW-000728.meta.yaml,corpus\algorithm_wiki\algowiki1901_rich_v1_second_pass\evidence_recovered\AW-000728.context.evidence.yaml,computational_geometry,explicit_geometry_problem,explicit_geometric_objects,one_witness,O(n^3 \log^2 K),O(n),90,4,HIGH,998b3adb16119bfd,point_set_geometry
AW-000729,V. A. Lyul’ka and A. V. Romanenko,corpus\algorithm_wiki\algowiki1901_rich_v1_second_pass\public_context_recovered\AW-000729.yaml,corpus\algorithm_wiki\algowiki1901_rich_v1_second_pass\metadata_context_recovered\AW-000729.meta.yaml,corpus\algorithm_wiki\algowiki1901_rich_v1_second_pass\evidence_recovered\AW-000729.context.evidence.yaml,computational_geometry,explicit_geometry_problem,explicit_geometric_objects,one_witness,O(n^5),unknown,80,3,HIGH,6f77894dbfd57e49,point_set_geometry
AW-000730,V. A. Lyul’ka and I. E. Mikhailov,corpus\algorithm_wiki\algowiki1901_rich_v1_second_pass\public_context_recovered\AW-000730.yaml,corpus\algorithm_wiki\algowiki1901_rich_v1_second_pass\metadata_context_recovered\AW-000730.meta.yaml,corpus\algorithm_wiki\algowiki1901_rich_v1_second_pass\evidence_recovered\AW-000730.context.evidence.yaml,computational_geometry,explicit_geometry_problem,explicit_geometric_objects,one_witness,O(n^4),unknown,75,3,HIGH,3a76e37196cd9a19,point_set_geometry
AW-000731,V. I. Paasonen,corpus\algorithm_wiki\algowiki1901_rich_v1_second_pass\public_context_recovered\AW-000731.yaml,corpus\algorithm_wiki\algowiki1901_rich_v1_second_pass\metadata_context_recovered\AW-000731.meta.yaml,corpus\algorithm_wiki\algowiki1901_rich_v1_second_pass\evidence_recovered\AW-000731.context.evidence.yaml,computational_geometry,explicit_geometry_problem,explicit_geometric_objects,one_witness,O(n^5 \log K),unknown,80,3,HIGH,8aa240cdc91d0f7a,point_set_geometry
AW-000732,"P. Costantini, B. I. Kvasov, and C. Manni",corpus\algorithm_wiki\algowiki1901_rich_v1_second_pass\public_context_recovered\AW-000732.yaml,corpus\algorithm_wiki\algowiki1901_rich_v1_second_pass\metadata_context_recovered\AW-000732.meta.yaml,corpus\algorithm_wiki\algowiki1901_rich_v1_second_pass\evidence_recovered\AW-000732.context.evidence.yaml,computational_geometry,explicit_geometry_problem,explicit_geometric_objects,one_witness,O(n^5 \log K),O(n),90,4,HIGH,c49b8b653d5ba2ac,point_set_geometry
AW-000733,B. I. Kvasov,corpus\algorithm_wiki\algowiki1901_rich_v1_second_pass\public_context_recovered\AW-000733.yaml,corpus\algorithm_wiki\algowiki1901_rich_v1_second_pass\metadata_context_recovered\AW-000733.meta.yaml,corpus\algorithm_wiki\algowiki1901_rich_v1_second_pass\evidence_recovered\AW-000733.context.evidence.yaml,computational_geometry,explicit_geometry_problem,explicit_geometric_objects,one_witness,O(n^4),O(n),80,2,HIGH,cf28bb65a1a4a4ec,point_set_geometry
AW-000741,KARNI Z. GOTSMAN C. GORTLER S. J. 2005,corpus\algorithm_wiki\algowiki1901_rich_v1_second_pass\public_context_recovered\AW-000741.yaml,corpus\algorithm_wiki\algowiki1901_rich_v1_second_pass\metadata_context_recovered\AW-000741.meta.yaml,corpus\algorithm_wiki\algowiki1901_rich_v1_second_pass\evidence_recovered\AW-000741.context.evidence.yaml,graph,explicit_graph_problem,adjacency_list_query,path_or_tree,O(n^2),unknown,65,2,HIGH,7851feaf2e132456,named_graph_problem
AW-000743,SHEFFER A. DE STURLER E. 2000,corpus\algorithm_wiki\algowiki1901_rich_v1_second_pass\public_context_recovered\AW-000743.yaml,corpus\algorithm_wiki\algowiki1901_rich_v1_second_pass\metadata_context_recovered\AW-000743.meta.yaml,corpus\algorithm_wiki\algowiki1901_rich_v1_second_pass\evidence_recovered\AW-000743.context.evidence.yaml,image_processing,explicit_image_processing_problem,explicit_input_instance,full_solution,O(n^2),unknown,75,4,HIGH,3eecdcca3d2e257e,image_feature_detection
AW-000750,CHEN Z. G. LIU L. G. ZHANG Z. Y. WANG G. J. 2007,corpus\algorithm_wiki\algowiki1901_rich_v1_second_pass\public_context_recovered\AW-000750.yaml,corpus\algorithm_wiki\algowiki1901_rich_v1_second_pass\metadata_context_recovered\AW-000750.meta.yaml,corpus\algorithm_wiki\algowiki1901_rich_v1_second_pass\evidence_recovered\AW-000750.context.evidence.yaml,image_processing,explicit_image_processing_problem,explicit_input_instance,full_solution,O(n^2),unknown,75,4,HIGH,35ce0cdad2ffc622,image_feature_detection
AW-000769,Zakai,corpus\algorithm_wiki\algowiki1901_rich_v1_second_pass\public_context_recovered\AW-000769.yaml,corpus\algorithm_wiki\algowiki1901_rich_v1_second_pass\metadata_context_recovered\AW-000769.meta.yaml,corpus\algorithm_wiki\algowiki1901_rich_v1_second_pass\evidence_recovered\AW-000769.context.evidence.yaml,parallel_algorithms,explicit_parallel_algorithm_problem,explicit_input_instance,yes_no_decision,O(n^3),unknown,85,4,HIGH,7295521478cf05ee,distributed_mutual_exclusion
AW-000772,Del Moral Pierre,corpus\algorithm_wiki\algowiki1901_rich_v1_second_pass\public_context_recovered\AW-000772.yaml,corpus\algorithm_wiki\algowiki1901_rich_v1_second_pass\metadata_context_recovered\AW-000772.meta.yaml,corpus\algorithm_wiki\algowiki1901_rich_v1_second_pass\evidence_recovered\AW-000772.context.evidence.yaml,parallel_algorithms,explicit_parallel_algorithm_problem,explicit_input_instance,yes_no_decision,O(n^2),unknown,80,4,HIGH,3a605026e2df110d,distributed_mutual_exclusion
AW-000774,Bellman Value Iteration (VI),corpus\algorithm_wiki\algowiki1901_rich_v1_second_pass\public_context_recovered\AW-000774.yaml,corpus\algorithm_wiki\algowiki1901_rich_v1_second_pass\metadata_context_recovered\AW-000774.meta.yaml,corpus\algorithm_wiki\algowiki1901_rich_v1_second_pass\evidence_recovered\AW-000774.context.evidence.yaml,combinatorics,explicit_combinatorial_problem,explicit_input_instance,full_solution,O(2^n),O(n),80,3,HIGH,7d92f4c50607f426,automata_subset_construction
AW-000775,Howard Policy Iteration (PI),corpus\algorithm_wiki\algowiki1901_rich_v1_second_pass\public_context_recovered\AW-000775.yaml,corpus\algorithm_wiki\algowiki1901_rich_v1_second_pass\metadata_context_recovered\AW-000775.meta.yaml,corpus\algorithm_wiki\algowiki1901_rich_v1_second_pass\evidence_recovered\AW-000775.context.evidence.yaml,combinatorics,explicit_combinatorial_problem,explicit_input_instance,full_solution,O(n^3),O(n),90,4,HIGH,57de7b9627eff08c,automata_subset_construction
AW-000776,Puterman Modified Policy Iteration (MPI),corpus\algorithm_wiki\algowiki1901_rich_v1_second_pass\public_context_recovered\AW-000776.yaml,corpus\algorithm_wiki\algowiki1901_rich_v1_second_pass\metadata_context_recovered\AW-000776.meta.yaml,corpus\algorithm_wiki\algowiki1901_rich_v1_second_pass\evidence_recovered\AW-000776.context.evidence.yaml,combinatorics,explicit_combinatorial_problem,explicit_input_instance,full_solution,O(n^3),O(n),80,2,HIGH,7b350be67524eb04,automata_subset_construction
AW-000779,Brute force,corpus\algorithm_wiki\algowiki1901_rich_v1_second_pass\public_context_recovered\AW-000779.yaml,corpus\algorithm_wiki\algowiki1901_rich_v1_second_pass\metadata_context_recovered\AW-000779.meta.yaml,corpus\algorithm_wiki\algowiki1901_rich_v1_second_pass\evidence_recovered\AW-000779.context.evidence.yaml,data_structures,explicit_data_structure_problem,random_access_string,data_structure_output,O(U 2^n),O(U),80,2,HIGH,cb8bc4fc230996db,data_structure
AW-000795,Leases (Cary G Gray and David R Cheriton),corpus\algorithm_wiki\algowiki1901_rich_v1_second_pass\public_context_recovered\AW-000795.yaml,corpus\algorithm_wiki\algowiki1901_rich_v1_second_pass\metadata_context_recovered\AW-000795.meta.yaml,corpus\algorithm_wiki\algowiki1901_rich_v1_second_pass\evidence_recovered\AW-000795.context.evidence.yaml,image_processing,explicit_image_processing_problem,explicit_input_instance,full_solution,O(n),O(f),85,4,HIGH,c2d42d11ccb038af,rendering_shading
AW-000798,Brute force,corpus\algorithm_wiki\algowiki1901_rich_v1_second_pass\public_context_recovered\AW-000798.yaml,corpus\algorithm_wiki\algowiki1901_rich_v1_second_pass\metadata_context_recovered\AW-000798.meta.yaml,corpus\algorithm_wiki\algowiki1901_rich_v1_second_pass\evidence_recovered\AW-000798.context.evidence.yaml,data_structures,explicit_data_structure_problem,random_access_string,data_structure_output,O(k^{O(n)} \text{poly}(n)),O(n),80,2,HIGH,1950f69968f43517,data_structure
AW-000832,Outside-In algorithm,corpus\algorithm_wiki\algowiki1901_rich_v1_second_pass\public_context_recovered\AW-000832.yaml,corpus\algorithm_wiki\algowiki1901_rich_v1_second_pass\metadata_context_recovered\AW-000832.meta.yaml,corpus\algorithm_wiki\algowiki1901_rich_v1_second_pass\evidence_recovered\AW-000832.context.evidence.yaml,computational_geometry,explicit_geometry_problem,explicit_geometric_objects,one_witness,O(2^n n \logn),O(n),80,2,HIGH,69f5473b04ca7f40,point_set_geometry
AW-000833,Naive Algorithm,corpus\algorithm_wiki\algowiki1901_rich_v1_second_pass\public_context_recovered\AW-000833.yaml,corpus\algorithm_wiki\algowiki1901_rich_v1_second_pass\metadata_context_recovered\AW-000833.meta.yaml,corpus\algorithm_wiki\algowiki1901_rich_v1_second_pass\evidence_recovered\AW-000833.context.evidence.yaml,combinatorics,explicit_combinatorial_problem,explicit_input_instance,yes_no_decision,O(n^n),O(n),80,2,HIGH,76a9c8c6ac38f719,n_queens
AW-000834,Naive Algorithm,corpus\algorithm_wiki\algowiki1901_rich_v1_second_pass\public_context_recovered\AW-000834.yaml,corpus\algorithm_wiki\algowiki1901_rich_v1_second_pass\metadata_context_recovered\AW-000834.meta.yaml,corpus\algorithm_wiki\algowiki1901_rich_v1_second_pass\evidence_recovered\AW-000834.context.evidence.yaml,combinatorics,explicit_combinatorial_problem,explicit_input_instance,yes_no_decision,O(n^n),O(n),80,2,HIGH,76a9c8c6ac38f719,n_queens
AW-000835,Naive + 1 queen per row restriction,corpus\algorithm_wiki\algowiki1901_rich_v1_second_pass\public_context_recovered\AW-000835.yaml,corpus\algorithm_wiki\algowiki1901_rich_v1_second_pass\metadata_context_recovered\AW-000835.meta.yaml,corpus\algorithm_wiki\algowiki1901_rich_v1_second_pass\evidence_recovered\AW-000835.context.evidence.yaml,combinatorics,explicit_combinatorial_problem,explicit_input_instance,yes_no_decision,O(n!),O(n),80,2,HIGH,2f6a5c06956d678a,n_queens
AW-000836,Naive + 1 queen per row restriction,corpus\algorithm_wiki\algowiki1901_rich_v1_second_pass\public_context_recovered\AW-000836.yaml,corpus\algorithm_wiki\algowiki1901_rich_v1_second_pass\metadata_context_recovered\AW-000836.meta.yaml,corpus\algorithm_wiki\algowiki1901_rich_v1_second_pass\evidence_recovered\AW-000836.context.evidence.yaml,combinatorics,explicit_combinatorial_problem,explicit_input_instance,yes_no_decision,O(n!),O(n),80,2,HIGH,2f6a5c06956d678a,n_queens
AW-000839,Method of determinants,corpus\algorithm_wiki\algowiki1901_rich_v1_second_pass\public_context_recovered\AW-000839.yaml,corpus\algorithm_wiki\algowiki1901_rich_v1_second_pass\metadata_context_recovered\AW-000839.meta.yaml,corpus\algorithm_wiki\algowiki1901_rich_v1_second_pass\evidence_recovered\AW-000839.context.evidence.yaml,combinatorics,explicit_combinatorial_problem,explicit_input_instance,yes_no_decision,O(n!),unknown,80,2,HIGH,d6fb8cdbbbec6e22,n_queens
AW-000840,Method of determinants,corpus\algorithm_wiki\algowiki1901_rich_v1_second_pass\public_context_recovered\AW-000840.yaml,corpus\algorithm_wiki\algowiki1901_rich_v1_second_pass\metadata_context_recovered\AW-000840.meta.yaml,corpus\algorithm_wiki\algowiki1901_rich_v1_second_pass\evidence_recovered\AW-000840.context.evidence.yaml,combinatorics,explicit_combinatorial_problem,explicit_input_instance,yes_no_decision,O(n!),unknown,80,2,HIGH,d6fb8cdbbbec6e22,n_queens
AW-000841,Gunther Determinants solution,corpus\algorithm_wiki\algowiki1901_rich_v1_second_pass\public_context_recovered\AW-000841.yaml,corpus\algorithm_wiki\algowiki1901_rich_v1_second_pass\metadata_context_recovered\AW-000841.meta.yaml,corpus\algorithm_wiki\algowiki1901_rich_v1_second_pass\evidence_recovered\AW-000841.context.evidence.yaml,combinatorics,explicit_combinatorial_problem,explicit_input_instance,yes_no_decision,O(n!),O(n!),80,2,HIGH,72d0009ed11d86b1,n_queens
AW-000842,Gunther Determinants solution,corpus\algorithm_wiki\algowiki1901_rich_v1_second_pass\public_context_recovered\AW-000842.yaml,corpus\algorithm_wiki\algowiki1901_rich_v1_second_pass\metadata_context_recovered\AW-000842.meta.yaml,corpus\algorithm_wiki\algowiki1901_rich_v1_second_pass\evidence_recovered\AW-000842.context.evidence.yaml,combinatorics,explicit_combinatorial_problem,explicit_input_instance,yes_no_decision,O(n!),O(n!),80,2,HIGH,72d0009ed11d86b1,n_queens
AW-000843,"Rivin, Zabih",corpus\algorithm_wiki\algowiki1901_rich_v1_second_pass\public_context_recovered\AW-000843.yaml,corpus\algorithm_wiki\algowiki1901_rich_v1_second_pass\metadata_context_recovered\AW-000843.meta.yaml,corpus\algorithm_wiki\algowiki1901_rich_v1_second_pass\evidence_recovered\AW-000843.context.evidence.yaml,combinatorics,explicit_combinatorial_problem,explicit_input_instance,yes_no_decision,O(8^n \text{poly}(n)),O(8^n n^2),80,2,HIGH,51bece53af7209d8,n_queens
AW-000849,Gray-code based,corpus\algorithm_wiki\algowiki1901_rich_v1_second_pass\public_context_recovered\AW-000849.yaml,corpus\algorithm_wiki\algowiki1901_rich_v1_second_pass\metadata_context_recovered\AW-000849.meta.yaml,corpus\algorithm_wiki\algowiki1901_rich_v1_second_pass\evidence_recovered\AW-000849.context.evidence.yaml,image_processing,explicit_image_processing_problem,explicit_input_instance,full_solution,O(2^n),O(n),80,2,HIGH,3ee2eb99c8b84125,rendering_shading
AW-000866,Lucifer / DES,corpus\algorithm_wiki\algowiki1901_rich_v1_second_pass\public_context_recovered\AW-000866.yaml,corpus\algorithm_wiki\algowiki1901_rich_v1_second_pass\metadata_context_recovered\AW-000866.meta.yaml,corpus\algorithm_wiki\algowiki1901_rich_v1_second_pass\evidence_recovered\AW-000866.context.evidence.yaml,string,explicit_string_problem,random_access_string,one_witness,O(n),O(n),80,2,HIGH,1ed0384721aab8f5,string_matching
AW-000867,IDEA,corpus\algorithm_wiki\algowiki1901_rich_v1_second_pass\public_context_recovered\AW-000867.yaml,corpus\algorithm_wiki\algowiki1901_rich_v1_second_pass\metadata_context_recovered\AW-000867.meta.yaml,corpus\algorithm_wiki\algowiki1901_rich_v1_second_pass\evidence_recovered\AW-000867.context.evidence.yaml,string,explicit_string_problem,random_access_string,one_witness,O(n),O(n),80,2,HIGH,814ef7bd4120c8ed,string_matching
AW-000868,RC5,corpus\algorithm_wiki\algowiki1901_rich_v1_second_pass\public_context_recovered\AW-000868.yaml,corpus\algorithm_wiki\algowiki1901_rich_v1_second_pass\metadata_context_recovered\AW-000868.meta.yaml,corpus\algorithm_wiki\algowiki1901_rich_v1_second_pass\evidence_recovered\AW-000868.context.evidence.yaml,string,explicit_string_problem,random_access_string,one_witness,O(n),O(k+rw),90,4,HIGH,1b2cfcb08fea2291,string_matching
AW-000870,Blowfish,corpus\algorithm_wiki\algowiki1901_rich_v1_second_pass\public_context_recovered\AW-000870.yaml,corpus\algorithm_wiki\algowiki1901_rich_v1_second_pass\metadata_context_recovered\AW-000870.meta.yaml,corpus\algorithm_wiki\algowiki1901_rich_v1_second_pass\evidence_recovered\AW-000870.context.evidence.yaml,string,explicit_string_problem,random_access_string,one_witness,O(n),O(n),90,4,HIGH,165745d89e50c1e5,string_matching
AW-000872,Bjorck,corpus\algorithm_wiki\algowiki1901_rich_v1_second_pass\public_context_recovered\AW-000872.yaml,corpus\algorithm_wiki\algowiki1901_rich_v1_second_pass\metadata_context_recovered\AW-000872.meta.yaml,corpus\algorithm_wiki\algowiki1901_rich_v1_second_pass\evidence_recovered\AW-000872.context.evidence.yaml,matrix_linear_algebra,explicit_matrix_problem,dense_matrix_access,full_classical_output,O(n^2),O(n),80,3,HIGH,e479395cc938c656,vandermonde_linear_system
AW-000873,Higham,corpus\algorithm_wiki\algowiki1901_rich_v1_second_pass\public_context_recovered\AW-000873.yaml,corpus\algorithm_wiki\algowiki1901_rich_v1_second_pass\metadata_context_recovered\AW-000873.meta.yaml,corpus\algorithm_wiki\algowiki1901_rich_v1_second_pass\evidence_recovered\AW-000873.context.evidence.yaml,computational_geometry,explicit_geometry_problem,explicit_geometric_objects,one_witness,O(n^2),O(n),80,3,HIGH,c2bf9b71da5eee0d,point_set_geometry
AW-000874,"Calvetti, Reichel",corpus\algorithm_wiki\algowiki1901_rich_v1_second_pass\public_context_recovered\AW-000874.yaml,corpus\algorithm_wiki\algowiki1901_rich_v1_second_pass\metadata_context_recovered\AW-000874.meta.yaml,corpus\algorithm_wiki\algowiki1901_rich_v1_second_pass\evidence_recovered\AW-000874.context.evidence.yaml,matrix_linear_algebra,explicit_matrix_problem,dense_matrix_access,full_classical_output,O(n^2),O(n),90,4,HIGH,33afc2f2afb96541,vandermonde_linear_system
AW-000889,Banker's Algorithm,corpus\algorithm_wiki\algowiki1901_rich_v1_second_pass\public_context_recovered\AW-000889.yaml,corpus\algorithm_wiki\algowiki1901_rich_v1_second_pass\metadata_context_recovered\AW-000889.meta.yaml,corpus\algorithm_wiki\algowiki1901_rich_v1_second_pass\evidence_recovered\AW-000889.context.evidence.yaml,parallel_algorithms,explicit_parallel_algorithm_problem,explicit_input_instance,yes_no_decision,O(mn^2),O(mn),80,2,HIGH,409681b0dc793584,distributed_mutual_exclusion
AW-000954,Ord-Smith,corpus\algorithm_wiki\algowiki1901_rich_v1_second_pass\public_context_recovered\AW-000954.yaml,corpus\algorithm_wiki\algowiki1901_rich_v1_second_pass\metadata_context_recovered\AW-000954.meta.yaml,corpus\algorithm_wiki\algowiki1901_rich_v1_second_pass\evidence_recovered\AW-000954.context.evidence.yaml,graph,explicit_graph_problem,adjacency_list_query,path_or_tree,O(n!),O(n) auxiliary,90,4,HIGH,63b897dacee9f756,named_graph_problem
AW-001027,Eppstein,corpus\algorithm_wiki\algowiki1901_rich_v1_second_pass\public_context_recovered\AW-001027.yaml,corpus\algorithm_wiki\algowiki1901_rich_v1_second_pass\metadata_context_recovered\AW-001027.meta.yaml,corpus\algorithm_wiki\algowiki1901_rich_v1_second_pass\evidence_recovered\AW-001027.context.evidence.yaml,dynamic_programming,explicit_combinatorial_problem,offline_batch_queries,yes_no_decision,O(qt log t log n),O(nt),75,3,HIGH,6be7b634830269f8,subset_sum
AW-001093,Kunde,corpus\algorithm_wiki\algowiki1901_rich_v1_second_pass\public_context_recovered\AW-001093.yaml,corpus\algorithm_wiki\algowiki1901_rich_v1_second_pass\metadata_context_recovered\AW-001093.meta.yaml,corpus\algorithm_wiki\algowiki1901_rich_v1_second_pass\evidence_recovered\AW-001093.context.evidence.yaml,image_processing,explicit_image_processing_problem,explicit_input_instance,full_solution,rn+O(n^{1-1/r}),unknown,90,5,HIGH,3640ff5fa99b7420,rendering_shading
AW-001130,"Wang, Chen, Lin",corpus\algorithm_wiki\algowiki1901_rich_v1_second_pass\public_context_recovered\AW-001130.yaml,corpus\algorithm_wiki\algowiki1901_rich_v1_second_pass\metadata_context_recovered\AW-001130.meta.yaml,corpus\algorithm_wiki\algowiki1901_rich_v1_second_pass\evidence_recovered\AW-001130.context.evidence.yaml,image_processing,explicit_image_processing_problem,explicit_input_instance,full_solution,O(1),unknown,80,2,HIGH,650bb2b434added6,rendering_shading
AW-001207,"Folwell, Guha, Suzuki",corpus\algorithm_wiki\algowiki1901_rich_v1_second_pass\public_context_recovered\AW-001207.yaml,corpus\algorithm_wiki\algowiki1901_rich_v1_second_pass\metadata_context_recovered\AW-001207.meta.yaml,corpus\algorithm_wiki\algowiki1901_rich_v1_second_pass\evidence_recovered\AW-001207.context.evidence.yaml,parallel_algorithms,explicit_parallel_algorithm_problem,explicit_input_instance,yes_no_decision,O(n^0.5),unknown,90,5,HIGH,263ebbfc5ee16f8b,distributed_mutual_exclusion
AW-001208,"Folwell, Guha, Suzuki",corpus\algorithm_wiki\algowiki1901_rich_v1_second_pass\public_context_recovered\AW-001208.yaml,corpus\algorithm_wiki\algowiki1901_rich_v1_second_pass\metadata_context_recovered\AW-001208.meta.yaml,corpus\algorithm_wiki\algowiki1901_rich_v1_second_pass\evidence_recovered\AW-001208.context.evidence.yaml,parallel_algorithms,explicit_parallel_algorithm_problem,explicit_input_instance,yes_no_decision,O(n^0.5),unknown,90,5,HIGH,263ebbfc5ee16f8b,distributed_mutual_exclusion
AW-001340,Dekel Nassimi & Sahni (1),corpus\algorithm_wiki\algowiki1901_rich_v1_second_pass\public_context_recovered\AW-001340.yaml,corpus\algorithm_wiki\algowiki1901_rich_v1_second_pass\metadata_context_recovered\AW-001340.meta.yaml,corpus\algorithm_wiki\algowiki1901_rich_v1_second_pass\evidence_recovered\AW-001340.context.evidence.yaml,graph,explicit_graph_problem,adjacency_list_query,path_or_tree,O(\log n),unknown,90,5,HIGH,b9c1914b91367ce3,named_graph_problem
AW-001341,Dekel Nassimi & Sahni (2),corpus\algorithm_wiki\algowiki1901_rich_v1_second_pass\public_context_recovered\AW-001341.yaml,corpus\algorithm_wiki\algowiki1901_rich_v1_second_pass\metadata_context_recovered\AW-001341.meta.yaml,corpus\algorithm_wiki\algowiki1901_rich_v1_second_pass\evidence_recovered\AW-001341.context.evidence.yaml,graph,explicit_graph_problem,adjacency_list_query,path_or_tree,O(n),unknown,90,5,HIGH,fe3f4f3ed4bbff6e,named_graph_problem
AW-001343,Dekel Nassimi & Sahni (4),corpus\algorithm_wiki\algowiki1901_rich_v1_second_pass\public_context_recovered\AW-001343.yaml,corpus\algorithm_wiki\algowiki1901_rich_v1_second_pass\metadata_context_recovered\AW-001343.meta.yaml,corpus\algorithm_wiki\algowiki1901_rich_v1_second_pass\evidence_recovered\AW-001343.context.evidence.yaml,graph,explicit_graph_problem,adjacency_list_query,path_or_tree,O(n^2/m+n^2.61/m^1.61),unknown,90,5,HIGH,a86bd2a9c230b003,named_graph_problem
AW-001344,Dekel Nassimi & Sahni (5),corpus\algorithm_wiki\algowiki1901_rich_v1_second_pass\public_context_recovered\AW-001344.yaml,corpus\algorithm_wiki\algowiki1901_rich_v1_second_pass\metadata_context_recovered\AW-001344.meta.yaml,corpus\algorithm_wiki\algowiki1901_rich_v1_second_pass\evidence_recovered\AW-001344.context.evidence.yaml,graph,explicit_graph_problem,adjacency_list_query,path_or_tree,O(\log n),unknown,90,5,HIGH,99e97b0ef9c77d41,named_graph_problem
AW-001345,Dekel Nassimi & Sahni (6),corpus\algorithm_wiki\algowiki1901_rich_v1_second_pass\public_context_recovered\AW-001345.yaml,corpus\algorithm_wiki\algowiki1901_rich_v1_second_pass\metadata_context_recovered\AW-001345.meta.yaml,corpus\algorithm_wiki\algowiki1901_rich_v1_second_pass\evidence_recovered\AW-001345.context.evidence.yaml,graph,explicit_graph_problem,adjacency_list_query,path_or_tree,O(n/m + \log n),unknown,90,5,HIGH,95ad1cb460b15fa6,named_graph_problem
AW-001346,Dekel Nassimi & Sahni (7),corpus\algorithm_wiki\algowiki1901_rich_v1_second_pass\public_context_recovered\AW-001346.yaml,corpus\algorithm_wiki\algowiki1901_rich_v1_second_pass\metadata_context_recovered\AW-001346.meta.yaml,corpus\algorithm_wiki\algowiki1901_rich_v1_second_pass\evidence_recovered\AW-001346.context.evidence.yaml,graph,explicit_graph_problem,adjacency_list_query,path_or_tree,O(n^2/m+n^2.61/m^1.61),unknown,90,5,HIGH,e4327e267b90a37e,named_graph_problem
AW-001359,"Bae, Shinn, Takaoka",corpus\algorithm_wiki\algowiki1901_rich_v1_second_pass\public_context_recovered\AW-001359.yaml,corpus\algorithm_wiki\algowiki1901_rich_v1_second_pass\metadata_context_recovered\AW-001359.meta.yaml,corpus\algorithm_wiki\algowiki1901_rich_v1_second_pass\evidence_recovered\AW-001359.context.evidence.yaml,image_processing,explicit_image_processing_problem,explicit_input_instance,full_solution,O(n),unknown,80,3,HIGH,bb09cf61ab15ce73,rendering_shading
AW-001381,"Lee, Aboelaze (Winograd's algorithm)",corpus\algorithm_wiki\algowiki1901_rich_v1_second_pass\public_context_recovered\AW-001381.yaml,corpus\algorithm_wiki\algowiki1901_rich_v1_second_pass\metadata_context_recovered\AW-001381.meta.yaml,corpus\algorithm_wiki\algowiki1901_rich_v1_second_pass\evidence_recovered\AW-001381.context.evidence.yaml,image_processing,explicit_image_processing_problem,explicit_input_instance,full_solution,O(n^2),unknown,80,3,HIGH,810236fad75ba4af,rendering_shading
AW-001502,Akl,corpus\algorithm_wiki\algowiki1901_rich_v1_second_pass\public_context_recovered\AW-001502.yaml,corpus\algorithm_wiki\algowiki1901_rich_v1_second_pass\metadata_context_recovered\AW-001502.meta.yaml,corpus\algorithm_wiki\algowiki1901_rich_v1_second_pass\evidence_recovered\AW-001502.context.evidence.yaml,graph,explicit_graph_problem,adjacency_list_query,path_or_tree,O(n),unknown,90,5,HIGH,3d3e072297b28efa,named_graph_problem
AW-001503,Akl,corpus\algorithm_wiki\algowiki1901_rich_v1_second_pass\public_context_recovered\AW-001503.yaml,corpus\algorithm_wiki\algowiki1901_rich_v1_second_pass\metadata_context_recovered\AW-001503.meta.yaml,corpus\algorithm_wiki\algowiki1901_rich_v1_second_pass\evidence_recovered\AW-001503.context.evidence.yaml,graph,explicit_graph_problem,adjacency_list_query,path_or_tree,O(n),unknown,90,5,HIGH,3d3e072297b28efa,named_graph_problem
AW-001557,"AHRABIAN, NOWZARI-DALINI (1)",corpus\algorithm_wiki\algowiki1901_rich_v1_second_pass\public_context_recovered\AW-001557.yaml,corpus\algorithm_wiki\algowiki1901_rich_v1_second_pass\metadata_context_recovered\AW-001557.meta.yaml,corpus\algorithm_wiki\algowiki1901_rich_v1_second_pass\evidence_recovered\AW-001557.context.evidence.yaml,graph,explicit_graph_problem,adjacency_list_query,path_or_tree,O(n^2 \log n),unknown,85,4,HIGH,77c95cf839f29fdb,named_graph_problem
AW-001558,"AHRABIAN, NOWZARI-DALINI (1)",corpus\algorithm_wiki\algowiki1901_rich_v1_second_pass\public_context_recovered\AW-001558.yaml,corpus\algorithm_wiki\algowiki1901_rich_v1_second_pass\metadata_context_recovered\AW-001558.meta.yaml,corpus\algorithm_wiki\algowiki1901_rich_v1_second_pass\evidence_recovered\AW-001558.context.evidence.yaml,graph,explicit_graph_problem,adjacency_list_query,path_or_tree,O(n^2 \log n),unknown,85,4,HIGH,77c95cf839f29fdb,named_graph_problem
AW-001605,"Bahig, Hazber, Al-Utaibi, Nassr",corpus\algorithm_wiki\algowiki1901_rich_v1_second_pass\public_context_recovered\AW-001605.yaml,corpus\algorithm_wiki\algowiki1901_rich_v1_second_pass\metadata_context_recovered\AW-001605.meta.yaml,corpus\algorithm_wiki\algowiki1901_rich_v1_second_pass\evidence_recovered\AW-001605.context.evidence.yaml,string,explicit_string_problem,random_access_string,full_solution,O(m/t),unknown,80,3,HIGH,619f05178a52ae9c,sequence_assembly
AW-001610,Silverman (multiple polynomial quadratic sieve),corpus\algorithm_wiki\algowiki1901_rich_v1_second_pass\public_context_recovered\AW-001610.yaml,corpus\algorithm_wiki\algowiki1901_rich_v1_second_pass\metadata_context_recovered\AW-001610.meta.yaml,corpus\algorithm_wiki\algowiki1901_rich_v1_second_pass\evidence_recovered\AW-001610.context.evidence.yaml,combinatorics,explicit_combinatorial_problem,explicit_input_instance,full_solution,unknown,unknown,65,2,HIGH,91bbdfa08e2c17c0,integer_factorization
AW-001638,De Stefani (COPSIM),corpus\algorithm_wiki\algowiki1901_rich_v1_second_pass\public_context_recovered\AW-001638.yaml,corpus\algorithm_wiki\algowiki1901_rich_v1_second_pass\metadata_context_recovered\AW-001638.meta.yaml,corpus\algorithm_wiki\algowiki1901_rich_v1_second_pass\evidence_recovered\AW-001638.context.evidence.yaml,combinatorics,explicit_combinatorial_problem,random_access_string,full_solution,unknown,unknown,90,4,HIGH,47eeae136b776a8d,integer_multiplication
AW-001639,De Stefani (COPK - Karatsuba),corpus\algorithm_wiki\algowiki1901_rich_v1_second_pass\public_context_recovered\AW-001639.yaml,corpus\algorithm_wiki\algowiki1901_rich_v1_second_pass\metadata_context_recovered\AW-001639.meta.yaml,corpus\algorithm_wiki\algowiki1901_rich_v1_second_pass\evidence_recovered\AW-001639.context.evidence.yaml,combinatorics,explicit_combinatorial_problem,random_access_string,full_solution,unknown,unknown,90,4,HIGH,4aec3d5221d485a7,integer_multiplication
AW-001727,"Connor, Kumar",corpus\algorithm_wiki\algowiki1901_rich_v1_second_pass\public_context_recovered\AW-001727.yaml,corpus\algorithm_wiki\algowiki1901_rich_v1_second_pass\metadata_context_recovered\AW-001727.meta.yaml,corpus\algorithm_wiki\algowiki1901_rich_v1_second_pass\evidence_recovered\AW-001727.context.evidence.yaml,computational_geometry,explicit_geometry_problem,explicit_geometric_objects,one_witness,unknown,unknown,75,2,HIGH,f270811975415ad3,point_set_geometry
AW-001728,"Connor, Kumar",corpus\algorithm_wiki\algowiki1901_rich_v1_second_pass\public_context_recovered\AW-001728.yaml,corpus\algorithm_wiki\algowiki1901_rich_v1_second_pass\metadata_context_recovered\AW-001728.meta.yaml,corpus\algorithm_wiki\algowiki1901_rich_v1_second_pass\evidence_recovered\AW-001728.context.evidence.yaml,computational_geometry,explicit_geometry_problem,explicit_geometric_objects,one_witness,unknown,unknown,75,2,HIGH,f270811975415ad3,point_set_geometry
AW-001794,"Teng, Sullivan, Beichl, Puppo",corpus\algorithm_wiki\algowiki1901_rich_v1_second_pass\public_context_recovered\AW-001794.yaml,corpus\algorithm_wiki\algowiki1901_rich_v1_second_pass\metadata_context_recovered\AW-001794.meta.yaml,corpus\algorithm_wiki\algowiki1901_rich_v1_second_pass\evidence_recovered\AW-001794.context.evidence.yaml,computational_geometry,explicit_geometry_problem,explicit_geometric_objects,one_witness,O(n^2/p),unknown,90,4,HIGH,cfe046917fb92bc6,point_set_geometry
AW-001795,"Kohout, Kolingerova",corpus\algorithm_wiki\algowiki1901_rich_v1_second_pass\public_context_recovered\AW-001795.yaml,corpus\algorithm_wiki\algowiki1901_rich_v1_second_pass\metadata_context_recovered\AW-001795.meta.yaml,corpus\algorithm_wiki\algowiki1901_rich_v1_second_pass\evidence_recovered\AW-001795.context.evidence.yaml,computational_geometry,explicit_geometry_problem,explicit_geometric_objects,one_witness,unknown,unknown,85,5,HIGH,3fe0c829e9d25744,point_set_geometry
AW-001860,Bae,corpus\algorithm_wiki\algowiki1901_rich_v1_second_pass\public_context_recovered\AW-001860.yaml,corpus\algorithm_wiki\algowiki1901_rich_v1_second_pass\metadata_context_recovered\AW-001860.meta.yaml,corpus\algorithm_wiki\algowiki1901_rich_v1_second_pass\evidence_recovered\AW-001860.context.evidence.yaml,image_processing,explicit_image_processing_problem,explicit_input_instance,full_solution,O(n),unknown,80,3,HIGH,6ea885c96f11bbcb,rendering_shading
AW-001874,"Nachaoui, Chafik, Daoui",corpus\algorithm_wiki\algowiki1901_rich_v1_second_pass\public_context_recovered\AW-001874.yaml,corpus\algorithm_wiki\algowiki1901_rich_v1_second_pass\metadata_context_recovered\AW-001874.meta.yaml,corpus\algorithm_wiki\algowiki1901_rich_v1_second_pass\evidence_recovered\AW-001874.context.evidence.yaml,parallel_algorithms,explicit_parallel_algorithm_problem,explicit_input_instance,yes_no_decision,O(npS),unknown,90,5,HIGH,61045e8984e404a1,distributed_mutual_exclusion
AW-001892,Reif,corpus\algorithm_wiki\algowiki1901_rich_v1_second_pass\public_context_recovered\AW-001892.yaml,corpus\algorithm_wiki\algowiki1901_rich_v1_second_pass\metadata_context_recovered\AW-001892.meta.yaml,corpus\algorithm_wiki\algowiki1901_rich_v1_second_pass\evidence_recovered\AW-001892.context.evidence.yaml,string,explicit_string_problem,random_access_string,one_witness,O(\log n),unknown,80,2,HIGH,8e7709dd24b50995,string_matching
AW-001893,Eberly,corpus\algorithm_wiki\algowiki1901_rich_v1_second_pass\public_context_recovered\AW-001893.yaml,corpus\algorithm_wiki\algowiki1901_rich_v1_second_pass\metadata_context_recovered\AW-001893.meta.yaml,corpus\algorithm_wiki\algowiki1901_rich_v1_second_pass\evidence_recovered\AW-001893.context.evidence.yaml,string,explicit_string_problem,random_access_string,one_witness,O(\log n),unknown,90,5,HIGH,2680c39480039fba,string_matching
