algorithm_id,algorithm_name,public_context_path,metadata_context_path,evidence_path,domain,input_model,access_model,output_contract,time_complexity,space_complexity,confidence_score,source_count,source_quality,card_digest,third_pass_rule,saturation_status
AW-000133,UKF,corpus\algorithm_wiki\algowiki1901_rich_v1_third_pass\public_context_recovered\AW-000133.yaml,corpus\algorithm_wiki\algowiki1901_rich_v1_third_pass\metadata_context_recovered\AW-000133.meta.yaml,corpus\algorithm_wiki\algowiki1901_rich_v1_third_pass\evidence_recovered\AW-000133.context.evidence.yaml,numerical_analysis,explicit_numerical_problem,random_access_string,estimate,O(n^3),O(n^2),100,5,HIGH,49355f59f11b698d,kalman_state_estimation,RECOVERED_CONTEXT
AW-000134,Compressed Extended KF,corpus\algorithm_wiki\algowiki1901_rich_v1_third_pass\public_context_recovered\AW-000134.yaml,corpus\algorithm_wiki\algowiki1901_rich_v1_third_pass\metadata_context_recovered\AW-000134.meta.yaml,corpus\algorithm_wiki\algowiki1901_rich_v1_third_pass\evidence_recovered\AW-000134.context.evidence.yaml,graph,explicit_graph_problem,adjacency_list_query,path_or_tree,O(n^3),O(n^2),100,4,HIGH,e5a55c89f420ed9e,third_pass_reuse_named_graph_problem,RECOVERED_CONTEXT
AW-000237,Williams' p + 1 algorithm,corpus\algorithm_wiki\algowiki1901_rich_v1_third_pass\public_context_recovered\AW-000237.yaml,corpus\algorithm_wiki\algowiki1901_rich_v1_third_pass\metadata_context_recovered\AW-000237.meta.yaml,corpus\algorithm_wiki\algowiki1901_rich_v1_third_pass\evidence_recovered\AW-000237.context.evidence.yaml,combinatorics,explicit_combinatorial_problem,explicit_input_instance,full_solution,O(2^n),O(n),100,4,HIGH,98d87a91792b85e0,williams_p_plus_one_factorization,RECOVERED_CONTEXT
AW-000261,Covanov and Thomé,corpus\algorithm_wiki\algowiki1901_rich_v1_third_pass\public_context_recovered\AW-000261.yaml,corpus\algorithm_wiki\algowiki1901_rich_v1_third_pass\metadata_context_recovered\AW-000261.meta.yaml,corpus\algorithm_wiki\algowiki1901_rich_v1_third_pass\evidence_recovered\AW-000261.context.evidence.yaml,data_structures,explicit_data_structure_problem,random_access_string,data_structure_output,O(n \log n 2^{O(\log^*n)}),O(n) auxiliary,100,4,HIGH,081a87e2de5d2edf,third_pass_reuse_data_structure,RECOVERED_CONTEXT
AW-000263,Harvey Hoeven Lecerf,corpus\algorithm_wiki\algowiki1901_rich_v1_third_pass\public_context_recovered\AW-000263.yaml,corpus\algorithm_wiki\algowiki1901_rich_v1_third_pass\metadata_context_recovered\AW-000263.meta.yaml,corpus\algorithm_wiki\algowiki1901_rich_v1_third_pass\evidence_recovered\AW-000263.context.evidence.yaml,combinatorics,explicit_combinatorial_problem,random_access_string,full_solution,O(n \log n 2^{2 \log^*n}),O(n) auxiliary,100,5,HIGH,a81553b1e740df63,third_pass_reuse_integer_multiplication,RECOVERED_CONTEXT
AW-000287,J. J. Koenderink and W. Richards 1988,corpus\algorithm_wiki\algowiki1901_rich_v1_third_pass\public_context_recovered\AW-000287.yaml,corpus\algorithm_wiki\algowiki1901_rich_v1_third_pass\metadata_context_recovered\AW-000287.meta.yaml,corpus\algorithm_wiki\algowiki1901_rich_v1_third_pass\evidence_recovered\AW-000287.context.evidence.yaml,computational_geometry,explicit_geometry_problem,explicit_geometric_objects,full_solution,O(n^3),not stated,100,4,HIGH,e179ace01230d6e0,surface_shape_geometry,RECOVERED_CONTEXT
AW-000292,T. Lindeberg and J. Garding (1997),corpus\algorithm_wiki\algowiki1901_rich_v1_third_pass\public_context_recovered\AW-000292.yaml,corpus\algorithm_wiki\algowiki1901_rich_v1_third_pass\metadata_context_recovered\AW-000292.meta.yaml,corpus\algorithm_wiki\algowiki1901_rich_v1_third_pass\evidence_recovered\AW-000292.context.evidence.yaml,numerical_analysis,explicit_numerical_problem,function_evaluation_oracle_classical,estimate,O(n^2),not stated,100,4,HIGH,ed2a41717cb16cec,numeric_estimation,RECOVERED_CONTEXT
AW-000298,Geert Willems Tinne Tuytelaars and Luc van Gool (2008),corpus\algorithm_wiki\algowiki1901_rich_v1_third_pass\public_context_recovered\AW-000298.yaml,corpus\algorithm_wiki\algowiki1901_rich_v1_third_pass\metadata_context_recovered\AW-000298.meta.yaml,corpus\algorithm_wiki\algowiki1901_rich_v1_third_pass\evidence_recovered\AW-000298.context.evidence.yaml,data_structures,explicit_data_structure_problem,random_access_string,data_structure_output,O(n^2),not stated,100,4,HIGH,fa9b4b874495a836,third_pass_reuse_data_structure,RECOVERED_CONTEXT
AW-000299,"Tao Luo, Zaifeng Shi and Pumeng Wang",corpus\algorithm_wiki\algowiki1901_rich_v1_third_pass\public_context_recovered\AW-000299.yaml,corpus\algorithm_wiki\algowiki1901_rich_v1_third_pass\metadata_context_recovered\AW-000299.meta.yaml,corpus\algorithm_wiki\algowiki1901_rich_v1_third_pass\evidence_recovered\AW-000299.context.evidence.yaml,data_structures,explicit_data_structure_problem,random_access_string,data_structure_output,O(n^2),not stated,100,3,HIGH,8bcefe632bb4b441,third_pass_reuse_data_structure,RECOVERED_CONTEXT
AW-000300,T. Lindeberg DoG 2012,corpus\algorithm_wiki\algowiki1901_rich_v1_third_pass\public_context_recovered\AW-000300.yaml,corpus\algorithm_wiki\algowiki1901_rich_v1_third_pass\metadata_context_recovered\AW-000300.meta.yaml,corpus\algorithm_wiki\algowiki1901_rich_v1_third_pass\evidence_recovered\AW-000300.context.evidence.yaml,image_processing,explicit_image_processing_problem,random_access_string,full_solution,O(n^2),not stated,100,3,HIGH,d43937fd7c0e10ad,image_feature_detection,RECOVERED_CONTEXT
AW-000301,T. Lindeberg DoG 2015,corpus\algorithm_wiki\algowiki1901_rich_v1_third_pass\public_context_recovered\AW-000301.yaml,corpus\algorithm_wiki\algowiki1901_rich_v1_third_pass\metadata_context_recovered\AW-000301.meta.yaml,corpus\algorithm_wiki\algowiki1901_rich_v1_third_pass\evidence_recovered\AW-000301.context.evidence.yaml,image_processing,explicit_image_processing_problem,random_access_string,full_solution,O(n \log n),not stated,100,3,HIGH,7f0dc7e8f142d3c9,image_feature_detection,RECOVERED_CONTEXT
AW-000307,Spatio-temporal Geert Willems Tinne Tuytelaars and Luc van Gool (2008),corpus\algorithm_wiki\algowiki1901_rich_v1_third_pass\public_context_recovered\AW-000307.yaml,corpus\algorithm_wiki\algowiki1901_rich_v1_third_pass\metadata_context_recovered\AW-000307.meta.yaml,corpus\algorithm_wiki\algowiki1901_rich_v1_third_pass\evidence_recovered\AW-000307.context.evidence.yaml,data_structures,explicit_data_structure_problem,random_access_string,data_structure_output,O(n^2),not stated,100,3,HIGH,6bcc59b49aa5c348,third_pass_reuse_data_structure,RECOVERED_CONTEXT
AW-000309,Maximally stable extremal regions Matas 2002,corpus\algorithm_wiki\algowiki1901_rich_v1_third_pass\public_context_recovered\AW-000309.yaml,corpus\algorithm_wiki\algowiki1901_rich_v1_third_pass\metadata_context_recovered\AW-000309.meta.yaml,corpus\algorithm_wiki\algowiki1901_rich_v1_third_pass\evidence_recovered\AW-000309.context.evidence.yaml,image_processing,explicit_image_processing_problem,random_access_string,full_solution,O(n^2 \log^3 n),not stated,100,3,HIGH,23c78f8383de0a05,image_feature_detection,RECOVERED_CONTEXT
AW-000311,Y. Dufournaud C. Schmid and R. Horaud 2000,corpus\algorithm_wiki\algowiki1901_rich_v1_third_pass\public_context_recovered\AW-000311.yaml,corpus\algorithm_wiki\algowiki1901_rich_v1_third_pass\metadata_context_recovered\AW-000311.meta.yaml,corpus\algorithm_wiki\algowiki1901_rich_v1_third_pass\evidence_recovered\AW-000311.context.evidence.yaml,image_processing,explicit_image_processing_problem,random_access_string,full_solution,O(n^2 \log \log n),not stated,100,4,HIGH,b96841d9e8febc5c,image_feature_detection,RECOVERED_CONTEXT
AW-000313,T. Tuytelaars and L. Van Gool 2000,corpus\algorithm_wiki\algowiki1901_rich_v1_third_pass\public_context_recovered\AW-000313.yaml,corpus\algorithm_wiki\algowiki1901_rich_v1_third_pass\metadata_context_recovered\AW-000313.meta.yaml,corpus\algorithm_wiki\algowiki1901_rich_v1_third_pass\evidence_recovered\AW-000313.context.evidence.yaml,data_structures,explicit_data_structure_problem,random_access_string,data_structure_output,O(n^3),not stated,100,3,HIGH,713be848636bb0da,third_pass_reuse_data_structure,RECOVERED_CONTEXT
AW-000319,CNN Based Gatys Leon A 2001,corpus\algorithm_wiki\algowiki1901_rich_v1_third_pass\public_context_recovered\AW-000319.yaml,corpus\algorithm_wiki\algowiki1901_rich_v1_third_pass\metadata_context_recovered\AW-000319.meta.yaml,corpus\algorithm_wiki\algowiki1901_rich_v1_third_pass\evidence_recovered\AW-000319.context.evidence.yaml,graph,explicit_graph_problem,adjacency_list_query,path_or_tree,O(n^3),not stated,100,4,HIGH,7e0b91402b1858a0,third_pass_reuse_named_graph_problem,RECOVERED_CONTEXT
AW-000320,P.Hanrahan and W.Krueger 1993,corpus\algorithm_wiki\algowiki1901_rich_v1_third_pass\public_context_recovered\AW-000320.yaml,corpus\algorithm_wiki\algowiki1901_rich_v1_third_pass\metadata_context_recovered\AW-000320.meta.yaml,corpus\algorithm_wiki\algowiki1901_rich_v1_third_pass\evidence_recovered\AW-000320.context.evidence.yaml,image_processing,explicit_image_processing_problem,explicit_input_instance,full_solution,O(k n^2),not stated,100,3,HIGH,0f384920464681d3,rendering_or_shading,RECOVERED_CONTEXT
AW-000321,H.W.Jensen 2001,corpus\algorithm_wiki\algowiki1901_rich_v1_third_pass\public_context_recovered\AW-000321.yaml,corpus\algorithm_wiki\algowiki1901_rich_v1_third_pass\metadata_context_recovered\AW-000321.meta.yaml,corpus\algorithm_wiki\algowiki1901_rich_v1_third_pass\evidence_recovered\AW-000321.context.evidence.yaml,image_processing,explicit_image_processing_problem,explicit_input_instance,full_solution,O(k^3 n),not stated,100,4,HIGH,e8c06f99c5710604,rendering_or_shading,RECOVERED_CONTEXT
AW-000324,"Nakamae E. Kaneda K. Okamoto T. and, Nishita 1990",corpus\algorithm_wiki\algowiki1901_rich_v1_third_pass\public_context_recovered\AW-000324.yaml,corpus\algorithm_wiki\algowiki1901_rich_v1_third_pass\metadata_context_recovered\AW-000324.meta.yaml,corpus\algorithm_wiki\algowiki1901_rich_v1_third_pass\evidence_recovered\AW-000324.context.evidence.yaml,image_processing,explicit_image_processing_problem,explicit_input_instance,full_solution,O(k^3 n^2),not stated,100,4,HIGH,9f6c4225851577c1,rendering_or_shading,RECOVERED_CONTEXT
AW-000325,Cabral B. Max N. and Springmeyer R 1990,corpus\algorithm_wiki\algowiki1901_rich_v1_third_pass\public_context_recovered\AW-000325.yaml,corpus\algorithm_wiki\algowiki1901_rich_v1_third_pass\metadata_context_recovered\AW-000325.meta.yaml,corpus\algorithm_wiki\algowiki1901_rich_v1_third_pass\evidence_recovered\AW-000325.context.evidence.yaml,image_processing,explicit_image_processing_problem,explicit_input_instance,full_solution,O(k n^2),not stated,100,4,HIGH,d81a3d809aeca0d9,third_pass_reuse_image_feature_detection,RECOVERED_CONTEXT
AW-000330,Ward anisotropic,corpus\algorithm_wiki\algowiki1901_rich_v1_third_pass\public_context_recovered\AW-000330.yaml,corpus\algorithm_wiki\algowiki1901_rich_v1_third_pass\metadata_context_recovered\AW-000330.meta.yaml,corpus\algorithm_wiki\algowiki1901_rich_v1_third_pass\evidence_recovered\AW-000330.context.evidence.yaml,image_processing,explicit_image_processing_problem,explicit_input_instance,full_solution,O(n^{1.67} \log^2 n),not stated,100,3,HIGH,a7ea61e6a3b372c7,rendering_or_shading,RECOVERED_CONTEXT
AW-000331,Hanrahan–Krueger,corpus\algorithm_wiki\algowiki1901_rich_v1_third_pass\public_context_recovered\AW-000331.yaml,corpus\algorithm_wiki\algowiki1901_rich_v1_third_pass\metadata_context_recovered\AW-000331.meta.yaml,corpus\algorithm_wiki\algowiki1901_rich_v1_third_pass\evidence_recovered\AW-000331.context.evidence.yaml,image_processing,explicit_image_processing_problem,explicit_input_instance,full_solution,O(n^2 \log n),not stated,100,3,HIGH,a9a081af5c013d4a,rendering_or_shading,RECOVERED_CONTEXT
AW-000333,Recursive Region Splitting,corpus\algorithm_wiki\algowiki1901_rich_v1_third_pass\public_context_recovered\AW-000333.yaml,corpus\algorithm_wiki\algowiki1901_rich_v1_third_pass\metadata_context_recovered\AW-000333.meta.yaml,corpus\algorithm_wiki\algowiki1901_rich_v1_third_pass\evidence_recovered\AW-000333.context.evidence.yaml,graph,explicit_graph_problem,adjacency_list_query,path_or_tree,O(n^2),not stated,100,3,HIGH,134ec2ed139f46fb,third_pass_reuse_named_graph_problem,RECOVERED_CONTEXT
AW-000334,Barghout Lauren Visual Taxometric approach,corpus\algorithm_wiki\algowiki1901_rich_v1_third_pass\public_context_recovered\AW-000334.yaml,corpus\algorithm_wiki\algowiki1901_rich_v1_third_pass\metadata_context_recovered\AW-000334.meta.yaml,corpus\algorithm_wiki\algowiki1901_rich_v1_third_pass\evidence_recovered\AW-000334.context.evidence.yaml,image_processing,explicit_image_processing_problem,adjacency_list_query,path_or_tree,O(n \log n),not stated,100,3,HIGH,cf8beaa3df979ef1,image_segmentation,RECOVERED_CONTEXT
AW-000335,Dual clustering - Guberman,corpus\algorithm_wiki\algowiki1901_rich_v1_third_pass\public_context_recovered\AW-000335.yaml,corpus\algorithm_wiki\algowiki1901_rich_v1_third_pass\metadata_context_recovered\AW-000335.meta.yaml,corpus\algorithm_wiki\algowiki1901_rich_v1_third_pass\evidence_recovered\AW-000335.context.evidence.yaml,image_processing,explicit_image_processing_problem,adjacency_list_query,path_or_tree,O(n \log n),not stated,100,3,HIGH,f96828a1ec9918b8,image_segmentation,RECOVERED_CONTEXT
AW-000337,Kass Witkin and Terzopoulos,corpus\algorithm_wiki\algowiki1901_rich_v1_third_pass\public_context_recovered\AW-000337.yaml,corpus\algorithm_wiki\algowiki1901_rich_v1_third_pass\metadata_context_recovered\AW-000337.meta.yaml,corpus\algorithm_wiki\algowiki1901_rich_v1_third_pass\evidence_recovered\AW-000337.context.evidence.yaml,data_structures,explicit_data_structure_problem,random_access_string,data_structure_output,O(n^2),not stated,100,3,HIGH,cf72641bf8542c34,third_pass_reuse_data_structure,RECOVERED_CONTEXT
AW-000342,Iterated conditional modes algorithm,corpus\algorithm_wiki\algowiki1901_rich_v1_third_pass\public_context_recovered\AW-000342.yaml,corpus\algorithm_wiki\algowiki1901_rich_v1_third_pass\metadata_context_recovered\AW-000342.meta.yaml,corpus\algorithm_wiki\algowiki1901_rich_v1_third_pass\evidence_recovered\AW-000342.context.evidence.yaml,image_processing,explicit_image_processing_problem,adjacency_list_query,path_or_tree,O(n^2),not stated,100,3,HIGH,c673c80da12dc7aa,image_segmentation,RECOVERED_CONTEXT
AW-000345,Florack and Kuijper,corpus\algorithm_wiki\algowiki1901_rich_v1_third_pass\public_context_recovered\AW-000345.yaml,corpus\algorithm_wiki\algowiki1901_rich_v1_third_pass\metadata_context_recovered\AW-000345.meta.yaml,corpus\algorithm_wiki\algowiki1901_rich_v1_third_pass\evidence_recovered\AW-000345.context.evidence.yaml,graph,explicit_graph_problem,adjacency_list_query,path_or_tree,O(n^2),not stated,100,4,HIGH,58333304c41b74a7,third_pass_reuse_named_graph_problem,RECOVERED_CONTEXT
AW-000346,Bijaoui and Rué,corpus\algorithm_wiki\algowiki1901_rich_v1_third_pass\public_context_recovered\AW-000346.yaml,corpus\algorithm_wiki\algowiki1901_rich_v1_third_pass\metadata_context_recovered\AW-000346.meta.yaml,corpus\algorithm_wiki\algowiki1901_rich_v1_third_pass\evidence_recovered\AW-000346.context.evidence.yaml,data_structures,explicit_data_structure_problem,random_access_string,data_structure_output,O(n^2),not stated,100,3,HIGH,c0170c45645549b6,third_pass_reuse_data_structure,RECOVERED_CONTEXT
AW-000347,Multi-scale MAP estimation - A. Bouman and M. Shapiro (2002),corpus\algorithm_wiki\algowiki1901_rich_v1_third_pass\public_context_recovered\AW-000347.yaml,corpus\algorithm_wiki\algowiki1901_rich_v1_third_pass\metadata_context_recovered\AW-000347.meta.yaml,corpus\algorithm_wiki\algowiki1901_rich_v1_third_pass\evidence_recovered\AW-000347.context.evidence.yaml,image_processing,explicit_image_processing_problem,adjacency_list_query,path_or_tree,O(n^2),not stated,100,3,HIGH,bf985ec9710437d3,image_segmentation,RECOVERED_CONTEXT
AW-000351,Coplanar facets merging - M.J. De Haemer and M.J. Zyda 1991,corpus\algorithm_wiki\algowiki1901_rich_v1_third_pass\public_context_recovered\AW-000351.yaml,corpus\algorithm_wiki\algowiki1901_rich_v1_third_pass\metadata_context_recovered\AW-000351.meta.yaml,corpus\algorithm_wiki\algowiki1901_rich_v1_third_pass\evidence_recovered\AW-000351.context.evidence.yaml,computational_geometry,explicit_geometry_problem,explicit_geometric_objects,full_solution,not stated,not stated,100,3,HIGH,d22ce3719956a54e,mesh_simplification,RECOVERED_CONTEXT
AW-000352,Coplanar facets merging - Hinker P. and Hansen C. 1993,corpus\algorithm_wiki\algowiki1901_rich_v1_third_pass\public_context_recovered\AW-000352.yaml,corpus\algorithm_wiki\algowiki1901_rich_v1_third_pass\metadata_context_recovered\AW-000352.meta.yaml,corpus\algorithm_wiki\algowiki1901_rich_v1_third_pass\evidence_recovered\AW-000352.context.evidence.yaml,computational_geometry,explicit_geometry_problem,explicit_geometric_objects,full_solution,not stated,not stated,100,3,HIGH,135d4ae459a406eb,mesh_simplification,RECOVERED_CONTEXT
AW-000353,Coplanar facets merging - Kalvin A. D. Cutting C. B. Haddad B. and Noz M. E. 1991,corpus\algorithm_wiki\algowiki1901_rich_v1_third_pass\public_context_recovered\AW-000353.yaml,corpus\algorithm_wiki\algowiki1901_rich_v1_third_pass\metadata_context_recovered\AW-000353.meta.yaml,corpus\algorithm_wiki\algowiki1901_rich_v1_third_pass\evidence_recovered\AW-000353.context.evidence.yaml,computational_geometry,explicit_geometry_problem,explicit_geometric_objects,full_solution,not stated,not stated,100,3,HIGH,10830a3488e6b033,mesh_simplification,RECOVERED_CONTEXT
AW-000354,Coplanar facets merging - A.D. Kalvin and R.H. Taylor 1996,corpus\algorithm_wiki\algowiki1901_rich_v1_third_pass\public_context_recovered\AW-000354.yaml,corpus\algorithm_wiki\algowiki1901_rich_v1_third_pass\metadata_context_recovered\AW-000354.meta.yaml,corpus\algorithm_wiki\algowiki1901_rich_v1_third_pass\evidence_recovered\AW-000354.context.evidence.yaml,computational_geometry,explicit_geometry_problem,explicit_geometric_objects,full_solution,not stated,not stated,100,3,HIGH,8fecbbca03cbbede,mesh_simplification,RECOVERED_CONTEXT
AW-000355,Controlled vertex/edge/face decimation - M.E. Algorri and F. Schmitt 1996,corpus\algorithm_wiki\algowiki1901_rich_v1_third_pass\public_context_recovered\AW-000355.yaml,corpus\algorithm_wiki\algowiki1901_rich_v1_third_pass\metadata_context_recovered\AW-000355.meta.yaml,corpus\algorithm_wiki\algowiki1901_rich_v1_third_pass\evidence_recovered\AW-000355.context.evidence.yaml,graph,explicit_graph_problem,adjacency_list_query,path_or_tree,not stated,not stated,100,3,HIGH,19e9fdefa3b0c994,third_pass_reuse_named_graph_problem,RECOVERED_CONTEXT
AW-000356,Controlled vertex/edge/face decimation - Guéziec 1996,corpus\algorithm_wiki\algowiki1901_rich_v1_third_pass\public_context_recovered\AW-000356.yaml,corpus\algorithm_wiki\algowiki1901_rich_v1_third_pass\metadata_context_recovered\AW-000356.meta.yaml,corpus\algorithm_wiki\algowiki1901_rich_v1_third_pass\evidence_recovered\AW-000356.context.evidence.yaml,graph,explicit_graph_problem,adjacency_list_query,path_or_tree,not stated,not stated,100,3,HIGH,dc1bc6d4f458b05f,third_pass_reuse_named_graph_problem,RECOVERED_CONTEXT
AW-000357,Controlled vertex/edge/face decimation - R. Ronfard and J. Rossignac 1996,corpus\algorithm_wiki\algowiki1901_rich_v1_third_pass\public_context_recovered\AW-000357.yaml,corpus\algorithm_wiki\algowiki1901_rich_v1_third_pass\metadata_context_recovered\AW-000357.meta.yaml,corpus\algorithm_wiki\algowiki1901_rich_v1_third_pass\evidence_recovered\AW-000357.context.evidence.yaml,graph,explicit_graph_problem,adjacency_list_query,path_or_tree,not stated,not stated,100,3,HIGH,3d9114abab44848e,third_pass_reuse_named_graph_problem,RECOVERED_CONTEXT
AW-000358,Controlled vertex/edge/face decimation - Hamann 1994,corpus\algorithm_wiki\algowiki1901_rich_v1_third_pass\public_context_recovered\AW-000358.yaml,corpus\algorithm_wiki\algowiki1901_rich_v1_third_pass\metadata_context_recovered\AW-000358.meta.yaml,corpus\algorithm_wiki\algowiki1901_rich_v1_third_pass\evidence_recovered\AW-000358.context.evidence.yaml,graph,explicit_graph_problem,adjacency_list_query,path_or_tree,not stated,not stated,100,3,HIGH,56b6ede3a12b281a,third_pass_reuse_named_graph_problem,RECOVERED_CONTEXT
AW-000359,Controlled vertex/edge/face decimation - Cohen J. Varshney A 1996,corpus\algorithm_wiki\algowiki1901_rich_v1_third_pass\public_context_recovered\AW-000359.yaml,corpus\algorithm_wiki\algowiki1901_rich_v1_third_pass\metadata_context_recovered\AW-000359.meta.yaml,corpus\algorithm_wiki\algowiki1901_rich_v1_third_pass\evidence_recovered\AW-000359.context.evidence.yaml,graph,explicit_graph_problem,adjacency_list_query,path_or_tree,not stated,not stated,100,3,HIGH,1a7ac353192e1b16,third_pass_reuse_named_graph_problem,RECOVERED_CONTEXT
AW-000360,Re-tiling - Turk G 1992,corpus\algorithm_wiki\algowiki1901_rich_v1_third_pass\public_context_recovered\AW-000360.yaml,corpus\algorithm_wiki\algowiki1901_rich_v1_third_pass\metadata_context_recovered\AW-000360.meta.yaml,corpus\algorithm_wiki\algowiki1901_rich_v1_third_pass\evidence_recovered\AW-000360.context.evidence.yaml,image_processing,explicit_image_processing_problem,explicit_input_instance,full_solution,not stated,not stated,100,3,HIGH,2420b2383815ea6d,third_pass_reuse_image_feature_detection,RECOVERED_CONTEXT
AW-000361,Vertex clustering - Rossignac J. and Borrel P. 1993,corpus\algorithm_wiki\algowiki1901_rich_v1_third_pass\public_context_recovered\AW-000361.yaml,corpus\algorithm_wiki\algowiki1901_rich_v1_third_pass\metadata_context_recovered\AW-000361.meta.yaml,corpus\algorithm_wiki\algowiki1901_rich_v1_third_pass\evidence_recovered\AW-000361.context.evidence.yaml,computational_geometry,explicit_geometry_problem,explicit_geometric_objects,full_solution,not stated,not stated,100,3,HIGH,a5a55034ad2d92e7,mesh_simplification,RECOVERED_CONTEXT
AW-000362,Vertex clustering - Low K. L. and Tan T. S 1997,corpus\algorithm_wiki\algowiki1901_rich_v1_third_pass\public_context_recovered\AW-000362.yaml,corpus\algorithm_wiki\algowiki1901_rich_v1_third_pass\metadata_context_recovered\AW-000362.meta.yaml,corpus\algorithm_wiki\algowiki1901_rich_v1_third_pass\evidence_recovered\AW-000362.context.evidence.yaml,computational_geometry,explicit_geometry_problem,explicit_geometric_objects,full_solution,not stated,not stated,100,3,HIGH,ae814d42737d5ba5,mesh_simplification,RECOVERED_CONTEXT
AW-000363,Vertex clustering - Reddy 1996,corpus\algorithm_wiki\algowiki1901_rich_v1_third_pass\public_context_recovered\AW-000363.yaml,corpus\algorithm_wiki\algowiki1901_rich_v1_third_pass\metadata_context_recovered\AW-000363.meta.yaml,corpus\algorithm_wiki\algowiki1901_rich_v1_third_pass\evidence_recovered\AW-000363.context.evidence.yaml,computational_geometry,explicit_geometry_problem,explicit_geometric_objects,full_solution,not stated,not stated,100,3,HIGH,5bfdc29c74025150,mesh_simplification,RECOVERED_CONTEXT
AW-000364,Vertex clustering - Hoppe H. DeRose T. 1993,corpus\algorithm_wiki\algowiki1901_rich_v1_third_pass\public_context_recovered\AW-000364.yaml,corpus\algorithm_wiki\algowiki1901_rich_v1_third_pass\metadata_context_recovered\AW-000364.meta.yaml,corpus\algorithm_wiki\algowiki1901_rich_v1_third_pass\evidence_recovered\AW-000364.context.evidence.yaml,computational_geometry,explicit_geometry_problem,explicit_geometric_objects,full_solution,not stated,not stated,100,3,HIGH,112c9bdab5565170,mesh_simplification,RECOVERED_CONTEXT
AW-000365,Vertex clustering - Rossignac J. and Borrel P. 1997,corpus\algorithm_wiki\algowiki1901_rich_v1_third_pass\public_context_recovered\AW-000365.yaml,corpus\algorithm_wiki\algowiki1901_rich_v1_third_pass\metadata_context_recovered\AW-000365.meta.yaml,corpus\algorithm_wiki\algowiki1901_rich_v1_third_pass\evidence_recovered\AW-000365.context.evidence.yaml,computational_geometry,explicit_geometry_problem,explicit_geometric_objects,full_solution,not stated,not stated,100,3,HIGH,f0b5a7172f212e5f,mesh_simplification,RECOVERED_CONTEXT
AW-000366,Wavelet-based - M.H. Gross O.G. Staadt and R. Gatti 1996,corpus\algorithm_wiki\algowiki1901_rich_v1_third_pass\public_context_recovered\AW-000366.yaml,corpus\algorithm_wiki\algowiki1901_rich_v1_third_pass\metadata_context_recovered\AW-000366.meta.yaml,corpus\algorithm_wiki\algowiki1901_rich_v1_third_pass\evidence_recovered\AW-000366.context.evidence.yaml,computational_geometry,explicit_geometry_problem,explicit_geometric_objects,full_solution,not stated,not stated,100,3,HIGH,a25539a49d9291fd,mesh_simplification,RECOVERED_CONTEXT
AW-000367,Wavelet-based - D.J. Hebert and H-J. Kim 1995,corpus\algorithm_wiki\algowiki1901_rich_v1_third_pass\public_context_recovered\AW-000367.yaml,corpus\algorithm_wiki\algowiki1901_rich_v1_third_pass\metadata_context_recovered\AW-000367.meta.yaml,corpus\algorithm_wiki\algowiki1901_rich_v1_third_pass\evidence_recovered\AW-000367.context.evidence.yaml,computational_geometry,explicit_geometry_problem,explicit_geometric_objects,full_solution,not stated,not stated,100,3,HIGH,912b150684ea474b,mesh_simplification,RECOVERED_CONTEXT
AW-000368,Wavelet-based - Certain A. Popovic J. 1996,corpus\algorithm_wiki\algowiki1901_rich_v1_third_pass\public_context_recovered\AW-000368.yaml,corpus\algorithm_wiki\algowiki1901_rich_v1_third_pass\metadata_context_recovered\AW-000368.meta.yaml,corpus\algorithm_wiki\algowiki1901_rich_v1_third_pass\evidence_recovered\AW-000368.context.evidence.yaml,computational_geometry,explicit_geometry_problem,explicit_geometric_objects,full_solution,not stated,not stated,100,3,HIGH,f80ce220d0f1ffdc,mesh_simplification,RECOVERED_CONTEXT
AW-000369,Wavelet-based - Eck M. DeRose T. 1995,corpus\algorithm_wiki\algowiki1901_rich_v1_third_pass\public_context_recovered\AW-000369.yaml,corpus\algorithm_wiki\algowiki1901_rich_v1_third_pass\metadata_context_recovered\AW-000369.meta.yaml,corpus\algorithm_wiki\algowiki1901_rich_v1_third_pass\evidence_recovered\AW-000369.context.evidence.yaml,computational_geometry,explicit_geometry_problem,explicit_geometric_objects,full_solution,not stated,not stated,100,3,HIGH,fb3062ce7fd0790c,mesh_simplification,RECOVERED_CONTEXT
AW-000370,Simplification via intermediate hierarchical rep-resentation - Andujar 1996,corpus\algorithm_wiki\algowiki1901_rich_v1_third_pass\public_context_recovered\AW-000370.yaml,corpus\algorithm_wiki\algowiki1901_rich_v1_third_pass\metadata_context_recovered\AW-000370.meta.yaml,corpus\algorithm_wiki\algowiki1901_rich_v1_third_pass\evidence_recovered\AW-000370.context.evidence.yaml,image_processing,explicit_image_processing_problem,random_access_string,full_solution,not stated,not stated,100,3,HIGH,5277c9b5c7ed6112,image_feature_detection,RECOVERED_CONTEXT
AW-000371,Simplification via intermediate hierarchical rep-resentation - He T. Hong L. Kaufman 1995,corpus\algorithm_wiki\algowiki1901_rich_v1_third_pass\public_context_recovered\AW-000371.yaml,corpus\algorithm_wiki\algowiki1901_rich_v1_third_pass\metadata_context_recovered\AW-000371.meta.yaml,corpus\algorithm_wiki\algowiki1901_rich_v1_third_pass\evidence_recovered\AW-000371.context.evidence.yaml,image_processing,explicit_image_processing_problem,random_access_string,full_solution,not stated,not stated,100,3,HIGH,d1388c158c4febcb,image_feature_detection,RECOVERED_CONTEXT
AW-000372,Simplification via intermediate hierarchical rep-resentation - He T. Hong 1996,corpus\algorithm_wiki\algowiki1901_rich_v1_third_pass\public_context_recovered\AW-000372.yaml,corpus\algorithm_wiki\algowiki1901_rich_v1_third_pass\metadata_context_recovered\AW-000372.meta.yaml,corpus\algorithm_wiki\algowiki1901_rich_v1_third_pass\evidence_recovered\AW-000372.context.evidence.yaml,image_processing,explicit_image_processing_problem,random_access_string,full_solution,not stated,not stated,100,3,HIGH,8843a8b40735db8b,image_feature_detection,RECOVERED_CONTEXT
AW-000373,Hauskrecht 2000,corpus\algorithm_wiki\algowiki1901_rich_v1_third_pass\public_context_recovered\AW-000373.yaml,corpus\algorithm_wiki\algowiki1901_rich_v1_third_pass\metadata_context_recovered\AW-000373.meta.yaml,corpus\algorithm_wiki\algowiki1901_rich_v1_third_pass\evidence_recovered\AW-000373.context.evidence.yaml,parallel_algorithms,explicit_parallel_algorithm_problem,explicit_input_instance,yes_no_decision,not stated,not stated,100,5,HIGH,c670db5f07759c30,third_pass_reuse_distributed_mutual_exclusion,RECOVERED_CONTEXT
AW-000374,Pineau Gordon & Thrun 2003,corpus\algorithm_wiki\algowiki1901_rich_v1_third_pass\public_context_recovered\AW-000374.yaml,corpus\algorithm_wiki\algowiki1901_rich_v1_third_pass\metadata_context_recovered\AW-000374.meta.yaml,corpus\algorithm_wiki\algowiki1901_rich_v1_third_pass\evidence_recovered\AW-000374.context.evidence.yaml,data_structures,explicit_data_structure_problem,random_access_string,data_structure_output,not stated,not stated,100,3,HIGH,de0a91df9c5288eb,third_pass_reuse_data_structure,RECOVERED_CONTEXT
AW-000375,Braziunas & Boutilier 2004,corpus\algorithm_wiki\algowiki1901_rich_v1_third_pass\public_context_recovered\AW-000375.yaml,corpus\algorithm_wiki\algowiki1901_rich_v1_third_pass\metadata_context_recovered\AW-000375.meta.yaml,corpus\algorithm_wiki\algowiki1901_rich_v1_third_pass\evidence_recovered\AW-000375.context.evidence.yaml,dynamic_programming,explicit_dynamic_programming_problem,offline_batch_queries,path_or_tree,not stated,not stated,100,4,HIGH,91110391cd40d2c8,decision_process_planning,RECOVERED_CONTEXT
AW-000376,Poupart 2005,corpus\algorithm_wiki\algowiki1901_rich_v1_third_pass\public_context_recovered\AW-000376.yaml,corpus\algorithm_wiki\algowiki1901_rich_v1_third_pass\metadata_context_recovered\AW-000376.meta.yaml,corpus\algorithm_wiki\algowiki1901_rich_v1_third_pass\evidence_recovered\AW-000376.context.evidence.yaml,data_structures,explicit_data_structure_problem,random_access_string,data_structure_output,not stated,not stated,100,3,HIGH,66f84862d4f66822,third_pass_reuse_data_structure,RECOVERED_CONTEXT
AW-000378,Spaan & Vlassis 2005,corpus\algorithm_wiki\algowiki1901_rich_v1_third_pass\public_context_recovered\AW-000378.yaml,corpus\algorithm_wiki\algowiki1901_rich_v1_third_pass\metadata_context_recovered\AW-000378.meta.yaml,corpus\algorithm_wiki\algowiki1901_rich_v1_third_pass\evidence_recovered\AW-000378.context.evidence.yaml,data_structures,explicit_data_structure_problem,random_access_string,data_structure_output,not stated,not stated,100,3,HIGH,f183250172df2d16,third_pass_reuse_data_structure,RECOVERED_CONTEXT
AW-000379,Satia & Lave 1973,corpus\algorithm_wiki\algowiki1901_rich_v1_third_pass\public_context_recovered\AW-000379.yaml,corpus\algorithm_wiki\algowiki1901_rich_v1_third_pass\metadata_context_recovered\AW-000379.meta.yaml,corpus\algorithm_wiki\algowiki1901_rich_v1_third_pass\evidence_recovered\AW-000379.context.evidence.yaml,parallel_algorithms,explicit_parallel_algorithm_problem,explicit_input_instance,yes_no_decision,not stated,not stated,100,4,HIGH,bf15bb1f78cebe35,third_pass_reuse_distributed_mutual_exclusion,RECOVERED_CONTEXT
AW-000382,Paquet Tobin & Chaib-draa 2005,corpus\algorithm_wiki\algowiki1901_rich_v1_third_pass\public_context_recovered\AW-000382.yaml,corpus\algorithm_wiki\algowiki1901_rich_v1_third_pass\metadata_context_recovered\AW-000382.meta.yaml,corpus\algorithm_wiki\algowiki1901_rich_v1_third_pass\evidence_recovered\AW-000382.context.evidence.yaml,parallel_algorithms,explicit_parallel_algorithm_problem,explicit_input_instance,yes_no_decision,not stated,not stated,100,4,HIGH,7857055cb7df92ef,third_pass_reuse_distributed_mutual_exclusion,RECOVERED_CONTEXT
AW-000383,McAllester & Singh 1999,corpus\algorithm_wiki\algowiki1901_rich_v1_third_pass\public_context_recovered\AW-000383.yaml,corpus\algorithm_wiki\algowiki1901_rich_v1_third_pass\metadata_context_recovered\AW-000383.meta.yaml,corpus\algorithm_wiki\algowiki1901_rich_v1_third_pass\evidence_recovered\AW-000383.context.evidence.yaml,dynamic_programming,explicit_dynamic_programming_problem,offline_batch_queries,path_or_tree,not stated,not stated,100,5,HIGH,0fc420f876cedc7f,decision_process_planning,RECOVERED_CONTEXT
AW-000384,Bertsekas & Castanon 1999,corpus\algorithm_wiki\algowiki1901_rich_v1_third_pass\public_context_recovered\AW-000384.yaml,corpus\algorithm_wiki\algowiki1901_rich_v1_third_pass\metadata_context_recovered\AW-000384.meta.yaml,corpus\algorithm_wiki\algowiki1901_rich_v1_third_pass\evidence_recovered\AW-000384.context.evidence.yaml,graph,explicit_graph_problem,adjacency_list_query,path_or_tree,not stated,not stated,100,3,HIGH,3f682d0baaa632cf,third_pass_reuse_named_graph_problem,RECOVERED_CONTEXT
AW-000385,Shani Brafman & Shimony 2005,corpus\algorithm_wiki\algowiki1901_rich_v1_third_pass\public_context_recovered\AW-000385.yaml,corpus\algorithm_wiki\algowiki1901_rich_v1_third_pass\metadata_context_recovered\AW-000385.meta.yaml,corpus\algorithm_wiki\algowiki1901_rich_v1_third_pass\evidence_recovered\AW-000385.context.evidence.yaml,parallel_algorithms,explicit_parallel_algorithm_problem,explicit_input_instance,yes_no_decision,not stated,not stated,100,5,HIGH,9c38576fa29283d2,third_pass_reuse_distributed_mutual_exclusion,RECOVERED_CONTEXT
AW-000388,Blinn and Newell,corpus\algorithm_wiki\algowiki1901_rich_v1_third_pass\public_context_recovered\AW-000388.yaml,corpus\algorithm_wiki\algowiki1901_rich_v1_third_pass\metadata_context_recovered\AW-000388.meta.yaml,corpus\algorithm_wiki\algowiki1901_rich_v1_third_pass\evidence_recovered\AW-000388.context.evidence.yaml,image_processing,explicit_image_processing_problem,explicit_input_instance,full_solution,-,not stated,100,3,HIGH,1fc2eac35c53fb5d,third_pass_reuse_rendering_shading,RECOVERED_CONTEXT
AW-000390,Sphere mapping,corpus\algorithm_wiki\algowiki1901_rich_v1_third_pass\public_context_recovered\AW-000390.yaml,corpus\algorithm_wiki\algowiki1901_rich_v1_third_pass\metadata_context_recovered\AW-000390.meta.yaml,corpus\algorithm_wiki\algowiki1901_rich_v1_third_pass\evidence_recovered\AW-000390.context.evidence.yaml,graph,explicit_graph_problem,adjacency_list_query,path_or_tree,-,not stated,100,5,HIGH,c300290e23b69ac9,third_pass_reuse_named_graph_problem,RECOVERED_CONTEXT
AW-000392,Emil Praun,corpus\algorithm_wiki\algowiki1901_rich_v1_third_pass\public_context_recovered\AW-000392.yaml,corpus\algorithm_wiki\algowiki1901_rich_v1_third_pass\metadata_context_recovered\AW-000392.meta.yaml,corpus\algorithm_wiki\algowiki1901_rich_v1_third_pass\evidence_recovered\AW-000392.context.evidence.yaml,data_structures,explicit_data_structure_problem,random_access_string,data_structure_output,O(n^3),not stated,100,3,HIGH,71a033b0832dcd30,third_pass_reuse_data_structure,RECOVERED_CONTEXT
AW-000394,HEALPix mapping Wong,corpus\algorithm_wiki\algowiki1901_rich_v1_third_pass\public_context_recovered\AW-000394.yaml,corpus\algorithm_wiki\algowiki1901_rich_v1_third_pass\metadata_context_recovered\AW-000394.meta.yaml,corpus\algorithm_wiki\algowiki1901_rich_v1_third_pass\evidence_recovered\AW-000394.context.evidence.yaml,image_processing,explicit_image_processing_problem,explicit_input_instance,full_solution,O(n^2),not stated,100,4,HIGH,4baf7b39eb60be05,third_pass_reuse_rendering_shading,RECOVERED_CONTEXT
AW-000395,Maximum a Posteriori Occupancy Mapping,corpus\algorithm_wiki\algowiki1901_rich_v1_third_pass\public_context_recovered\AW-000395.yaml,corpus\algorithm_wiki\algowiki1901_rich_v1_third_pass\metadata_context_recovered\AW-000395.meta.yaml,corpus\algorithm_wiki\algowiki1901_rich_v1_third_pass\evidence_recovered\AW-000395.context.evidence.yaml,numerical_analysis,explicit_numerical_problem,function_evaluation_oracle_classical,estimate,O(n^3),not stated,100,3,HIGH,094a0d373b3efa48,numeric_estimation,RECOVERED_CONTEXT
AW-000417,Schöning,corpus\algorithm_wiki\algowiki1901_rich_v1_third_pass\public_context_recovered\AW-000417.yaml,corpus\algorithm_wiki\algowiki1901_rich_v1_third_pass\metadata_context_recovered\AW-000417.meta.yaml,corpus\algorithm_wiki\algowiki1901_rich_v1_third_pass\evidence_recovered\AW-000417.context.evidence.yaml,data_structures,explicit_data_structure_problem,random_access_string,data_structure_output,O(1.333^n),not stated,100,4,HIGH,4557e6394e35bd91,third_pass_reuse_data_structure,RECOVERED_CONTEXT
AW-000418,Hirsch,corpus\algorithm_wiki\algowiki1901_rich_v1_third_pass\public_context_recovered\AW-000418.yaml,corpus\algorithm_wiki\algowiki1901_rich_v1_third_pass\metadata_context_recovered\AW-000418.meta.yaml,corpus\algorithm_wiki\algowiki1901_rich_v1_third_pass\evidence_recovered\AW-000418.context.evidence.yaml,image_processing,explicit_image_processing_problem,random_access_string,full_solution,O(1.239^n),not stated,100,5,HIGH,d1bd35cd0581d8d1,image_feature_detection,RECOVERED_CONTEXT
AW-000477,Levcopoulos Lingas Sack,corpus\algorithm_wiki\algowiki1901_rich_v1_third_pass\public_context_recovered\AW-000477.yaml,corpus\algorithm_wiki\algowiki1901_rich_v1_third_pass\metadata_context_recovered\AW-000477.meta.yaml,corpus\algorithm_wiki\algowiki1901_rich_v1_third_pass\evidence_recovered\AW-000477.context.evidence.yaml,data_structures,explicit_data_structure_problem,random_access_string,data_structure_output,O(n),O(n),100,4,HIGH,0d03047e8b58e958,third_pass_reuse_data_structure,RECOVERED_CONTEXT
AW-000486,Naive algorithm,corpus\algorithm_wiki\algowiki1901_rich_v1_third_pass\public_context_recovered\AW-000486.yaml,corpus\algorithm_wiki\algowiki1901_rich_v1_third_pass\metadata_context_recovered\AW-000486.meta.yaml,corpus\algorithm_wiki\algowiki1901_rich_v1_third_pass\evidence_recovered\AW-000486.context.evidence.yaml,graph,explicit_graph_problem,adjacency_list_query,path_or_tree,O(n^2),O(1),100,3,HIGH,193c735ad0994405,third_pass_reuse_named_graph_problem,RECOVERED_CONTEXT
AW-000487,Cooley–Tukey algorithm,corpus\algorithm_wiki\algowiki1901_rich_v1_third_pass\public_context_recovered\AW-000487.yaml,corpus\algorithm_wiki\algowiki1901_rich_v1_third_pass\metadata_context_recovered\AW-000487.meta.yaml,corpus\algorithm_wiki\algowiki1901_rich_v1_third_pass\evidence_recovered\AW-000487.context.evidence.yaml,combinatorics,explicit_combinatorial_problem,random_access_string,one_witness,O(n \log n),O(n),100,5,HIGH,839cc16b95aab176,third_pass_reuse_cycle_detection,RECOVERED_CONTEXT
AW-000496,Gao’s additive FFT,corpus\algorithm_wiki\algowiki1901_rich_v1_third_pass\public_context_recovered\AW-000496.yaml,corpus\algorithm_wiki\algowiki1901_rich_v1_third_pass\metadata_context_recovered\AW-000496.meta.yaml,corpus\algorithm_wiki\algowiki1901_rich_v1_third_pass\evidence_recovered\AW-000496.context.evidence.yaml,graph,explicit_graph_problem,adjacency_list_query,path_or_tree,O(n \log n \log \log n),O(n),100,4,HIGH,67caedfb2a34fc0e,third_pass_reuse_named_graph_problem,RECOVERED_CONTEXT
AW-000536,Ridder's method,corpus\algorithm_wiki\algowiki1901_rich_v1_third_pass\public_context_recovered\AW-000536.yaml,corpus\algorithm_wiki\algowiki1901_rich_v1_third_pass\metadata_context_recovered\AW-000536.meta.yaml,corpus\algorithm_wiki\algowiki1901_rich_v1_third_pass\evidence_recovered\AW-000536.context.evidence.yaml,data_structures,explicit_data_structure_problem,random_access_string,data_structure_output,O(n_{max}),O(1),100,5,HIGH,c79aefb245d5fa19,third_pass_reuse_data_structure,RECOVERED_CONTEXT
AW-000548,Flajolet–Martin algorithm,corpus\algorithm_wiki\algowiki1901_rich_v1_third_pass\public_context_recovered\AW-000548.yaml,corpus\algorithm_wiki\algowiki1901_rich_v1_third_pass\metadata_context_recovered\AW-000548.meta.yaml,corpus\algorithm_wiki\algowiki1901_rich_v1_third_pass\evidence_recovered\AW-000548.context.evidence.yaml,graph,explicit_graph_problem,adjacency_list_query,path_or_tree,O(N),O(\log n),100,5,HIGH,5bce4d5bdd56b89a,third_pass_reuse_named_graph_problem,RECOVERED_CONTEXT
AW-000561,Welford's Online algorithm,corpus\algorithm_wiki\algowiki1901_rich_v1_third_pass\public_context_recovered\AW-000561.yaml,corpus\algorithm_wiki\algowiki1901_rich_v1_third_pass\metadata_context_recovered\AW-000561.meta.yaml,corpus\algorithm_wiki\algowiki1901_rich_v1_third_pass\evidence_recovered\AW-000561.context.evidence.yaml,graph,explicit_graph_problem,adjacency_list_query,path_or_tree,O(n),O(1),100,5,HIGH,93b9e25a010870fd,third_pass_reuse_named_graph_problem,RECOVERED_CONTEXT
AW-000593,5-point star Cramer's rule,corpus\algorithm_wiki\algowiki1901_rich_v1_third_pass\public_context_recovered\AW-000593.yaml,corpus\algorithm_wiki\algowiki1901_rich_v1_third_pass\metadata_context_recovered\AW-000593.meta.yaml,corpus\algorithm_wiki\algowiki1901_rich_v1_third_pass\evidence_recovered\AW-000593.context.evidence.yaml,graph,explicit_graph_problem,adjacency_list_query,path_or_tree,O(4^{n^2}),"O(4^{(n^2)}) for sure, O(n^2) possibly (if super conservative)",100,3,HIGH,5026e5ff28e8abb6,third_pass_reuse_named_graph_problem,RECOVERED_CONTEXT
AW-000594,5-point Gauss elimination,corpus\algorithm_wiki\algowiki1901_rich_v1_third_pass\public_context_recovered\AW-000594.yaml,corpus\algorithm_wiki\algowiki1901_rich_v1_third_pass\metadata_context_recovered\AW-000594.meta.yaml,corpus\algorithm_wiki\algowiki1901_rich_v1_third_pass\evidence_recovered\AW-000594.context.evidence.yaml,graph,explicit_graph_problem,adjacency_list_query,path_or_tree,O(n^4),O(n^4),100,4,HIGH,e1a94c9682669358,third_pass_reuse_named_graph_problem,RECOVERED_CONTEXT
AW-000601,5-point FFT,corpus\algorithm_wiki\algowiki1901_rich_v1_third_pass\public_context_recovered\AW-000601.yaml,corpus\algorithm_wiki\algowiki1901_rich_v1_third_pass\metadata_context_recovered\AW-000601.meta.yaml,corpus\algorithm_wiki\algowiki1901_rich_v1_third_pass\evidence_recovered\AW-000601.context.evidence.yaml,graph,explicit_graph_problem,adjacency_list_query,path_or_tree,O(n^2 \log n),O(n^2),100,4,HIGH,06e428f45aae6df4,third_pass_reuse_named_graph_problem,RECOVERED_CONTEXT
AW-000602,5-point FFT,corpus\algorithm_wiki\algowiki1901_rich_v1_third_pass\public_context_recovered\AW-000602.yaml,corpus\algorithm_wiki\algowiki1901_rich_v1_third_pass\metadata_context_recovered\AW-000602.meta.yaml,corpus\algorithm_wiki\algowiki1901_rich_v1_third_pass\evidence_recovered\AW-000602.context.evidence.yaml,graph,explicit_graph_problem,adjacency_list_query,path_or_tree,O(n^2 \log n),O(n^2),100,4,HIGH,06e428f45aae6df4,third_pass_reuse_named_graph_problem,RECOVERED_CONTEXT
AW-000603,5-point FFT,corpus\algorithm_wiki\algowiki1901_rich_v1_third_pass\public_context_recovered\AW-000603.yaml,corpus\algorithm_wiki\algowiki1901_rich_v1_third_pass\metadata_context_recovered\AW-000603.meta.yaml,corpus\algorithm_wiki\algowiki1901_rich_v1_third_pass\evidence_recovered\AW-000603.context.evidence.yaml,graph,explicit_graph_problem,adjacency_list_query,path_or_tree,O(n^2 \log n),O(n^2),100,4,HIGH,06e428f45aae6df4,third_pass_reuse_named_graph_problem,RECOVERED_CONTEXT
AW-000604,5-point FFT,corpus\algorithm_wiki\algowiki1901_rich_v1_third_pass\public_context_recovered\AW-000604.yaml,corpus\algorithm_wiki\algowiki1901_rich_v1_third_pass\metadata_context_recovered\AW-000604.meta.yaml,corpus\algorithm_wiki\algowiki1901_rich_v1_third_pass\evidence_recovered\AW-000604.context.evidence.yaml,graph,explicit_graph_problem,adjacency_list_query,path_or_tree,O(n^2 \log n),O(n^2),100,4,HIGH,06e428f45aae6df4,third_pass_reuse_named_graph_problem,RECOVERED_CONTEXT
AW-000605,5-point star Cramer's rule,corpus\algorithm_wiki\algowiki1901_rich_v1_third_pass\public_context_recovered\AW-000605.yaml,corpus\algorithm_wiki\algowiki1901_rich_v1_third_pass\metadata_context_recovered\AW-000605.meta.yaml,corpus\algorithm_wiki\algowiki1901_rich_v1_third_pass\evidence_recovered\AW-000605.context.evidence.yaml,graph,explicit_graph_problem,adjacency_list_query,path_or_tree,O(5^{n^3}),"O(5^{(n^3)}) for sure, O(n^3) possibly (if super conservative)",100,3,HIGH,102d76383e15f653,third_pass_reuse_named_graph_problem,RECOVERED_CONTEXT
AW-000606,5-point Gauss elimination,corpus\algorithm_wiki\algowiki1901_rich_v1_third_pass\public_context_recovered\AW-000606.yaml,corpus\algorithm_wiki\algowiki1901_rich_v1_third_pass\metadata_context_recovered\AW-000606.meta.yaml,corpus\algorithm_wiki\algowiki1901_rich_v1_third_pass\evidence_recovered\AW-000606.context.evidence.yaml,graph,explicit_graph_problem,adjacency_list_query,path_or_tree,O(n^7),O(n^6),100,4,HIGH,892dff37e46ae305,third_pass_reuse_named_graph_problem,RECOVERED_CONTEXT
AW-000613,5-point FFT,corpus\algorithm_wiki\algowiki1901_rich_v1_third_pass\public_context_recovered\AW-000613.yaml,corpus\algorithm_wiki\algowiki1901_rich_v1_third_pass\metadata_context_recovered\AW-000613.meta.yaml,corpus\algorithm_wiki\algowiki1901_rich_v1_third_pass\evidence_recovered\AW-000613.context.evidence.yaml,graph,explicit_graph_problem,adjacency_list_query,path_or_tree,O(n^3 \log n),O(n^3),100,4,HIGH,018ef959c496a53c,third_pass_reuse_named_graph_problem,RECOVERED_CONTEXT
AW-000631,Naive algorithm,corpus\algorithm_wiki\algowiki1901_rich_v1_third_pass\public_context_recovered\AW-000631.yaml,corpus\algorithm_wiki\algowiki1901_rich_v1_third_pass\metadata_context_recovered\AW-000631.meta.yaml,corpus\algorithm_wiki\algowiki1901_rich_v1_third_pass\evidence_recovered\AW-000631.context.evidence.yaml,graph,explicit_graph_problem,adjacency_list_query,path_or_tree,O(n 2^n),O(n),100,3,HIGH,642ce18938f105d8,third_pass_reuse_named_graph_problem,RECOVERED_CONTEXT
AW-000632,Brute force algorithm,corpus\algorithm_wiki\algowiki1901_rich_v1_third_pass\public_context_recovered\AW-000632.yaml,corpus\algorithm_wiki\algowiki1901_rich_v1_third_pass\metadata_context_recovered\AW-000632.meta.yaml,corpus\algorithm_wiki\algowiki1901_rich_v1_third_pass\evidence_recovered\AW-000632.context.evidence.yaml,graph,explicit_graph_problem,adjacency_list_query,path_or_tree,O(n^2 2^n p \log p),O(n2^n),100,5,HIGH,5848c431fe9e4f10,third_pass_reuse_named_graph_problem,RECOVERED_CONTEXT
AW-000647,SCAN,corpus\algorithm_wiki\algowiki1901_rich_v1_third_pass\public_context_recovered\AW-000647.yaml,corpus\algorithm_wiki\algowiki1901_rich_v1_third_pass\metadata_context_recovered\AW-000647.meta.yaml,corpus\algorithm_wiki\algowiki1901_rich_v1_third_pass\evidence_recovered\AW-000647.context.evidence.yaml,image_processing,explicit_image_processing_problem,explicit_input_instance,full_solution,O(n \log n),O(n),100,4,HIGH,421238edc74cee57,rendering_or_shading,RECOVERED_CONTEXT
AW-000649,C-SCAN,corpus\algorithm_wiki\algowiki1901_rich_v1_third_pass\public_context_recovered\AW-000649.yaml,corpus\algorithm_wiki\algowiki1901_rich_v1_third_pass\metadata_context_recovered\AW-000649.meta.yaml,corpus\algorithm_wiki\algowiki1901_rich_v1_third_pass\evidence_recovered\AW-000649.context.evidence.yaml,computational_geometry,explicit_geometry_problem,explicit_geometric_objects,full_solution,O(n \log n),O(n),100,4,HIGH,4e3ca4b873723875,surface_shape_geometry,RECOVERED_CONTEXT
AW-000668,The Multihash Algorithm,corpus\algorithm_wiki\algowiki1901_rich_v1_third_pass\public_context_recovered\AW-000668.yaml,corpus\algorithm_wiki\algowiki1901_rich_v1_third_pass\metadata_context_recovered\AW-000668.meta.yaml,corpus\algorithm_wiki\algowiki1901_rich_v1_third_pass\evidence_recovered\AW-000668.context.evidence.yaml,graph,explicit_graph_problem,adjacency_list_query,path_or_tree,O(n^2),O(n^2),100,4,HIGH,a778616b1e8f32f2,third_pass_reuse_named_graph_problem,RECOVERED_CONTEXT
AW-000671,Maneva and M. J. Wainwright,corpus\algorithm_wiki\algowiki1901_rich_v1_third_pass\public_context_recovered\AW-000671.yaml,corpus\algorithm_wiki\algowiki1901_rich_v1_third_pass\metadata_context_recovered\AW-000671.meta.yaml,corpus\algorithm_wiki\algowiki1901_rich_v1_third_pass\evidence_recovered\AW-000671.context.evidence.yaml,data_structures,explicit_data_structure_problem,random_access_string,data_structure_output,O(n^2),O(n^2),100,5,HIGH,3b035f820281f6cd,third_pass_reuse_data_structure,RECOVERED_CONTEXT
AW-000680,Korada and R. Urbanke,corpus\algorithm_wiki\algowiki1901_rich_v1_third_pass\public_context_recovered\AW-000680.yaml,corpus\algorithm_wiki\algowiki1901_rich_v1_third_pass\metadata_context_recovered\AW-000680.meta.yaml,corpus\algorithm_wiki\algowiki1901_rich_v1_third_pass\evidence_recovered\AW-000680.context.evidence.yaml,graph,explicit_graph_problem,adjacency_list_query,path_or_tree,O(n 2^n),O(N),100,6,HIGH,ed9b063f07da71bc,third_pass_reuse_named_graph_problem,RECOVERED_CONTEXT
AW-000681,Schubert's algorithm/Kronecker's method,corpus\algorithm_wiki\algowiki1901_rich_v1_third_pass\public_context_recovered\AW-000681.yaml,corpus\algorithm_wiki\algowiki1901_rich_v1_third_pass\metadata_context_recovered\AW-000681.meta.yaml,corpus\algorithm_wiki\algowiki1901_rich_v1_third_pass\evidence_recovered\AW-000681.context.evidence.yaml,image_processing,explicit_image_processing_problem,explicit_input_instance,full_solution,O(p^{n/2 + O(\log n)}),O(n),100,4,HIGH,dffbbaced3fd1622,third_pass_reuse_rendering_shading,RECOVERED_CONTEXT
AW-000682,Berlekamp–Massey algorithm,corpus\algorithm_wiki\algowiki1901_rich_v1_third_pass\public_context_recovered\AW-000682.yaml,corpus\algorithm_wiki\algowiki1901_rich_v1_third_pass\metadata_context_recovered\AW-000682.meta.yaml,corpus\algorithm_wiki\algowiki1901_rich_v1_third_pass\evidence_recovered\AW-000682.context.evidence.yaml,graph,explicit_graph_problem,adjacency_list_query,path_or_tree,O(n^2),O(n),100,5,HIGH,1ca1041f079f5cde,third_pass_reuse_named_graph_problem,RECOVERED_CONTEXT
AW-000683,Gale–Shapley algorithm,corpus\algorithm_wiki\algowiki1901_rich_v1_third_pass\public_context_recovered\AW-000683.yaml,corpus\algorithm_wiki\algowiki1901_rich_v1_third_pass\metadata_context_recovered\AW-000683.meta.yaml,corpus\algorithm_wiki\algowiki1901_rich_v1_third_pass\evidence_recovered\AW-000683.context.evidence.yaml,graph,explicit_graph_problem,adjacency_list_query,path_or_tree,O(n^2),O(n),100,4,HIGH,3ab4ce720b7bd0e1,third_pass_reuse_named_graph_problem,RECOVERED_CONTEXT
AW-000684,Irving's Algorithm,corpus\algorithm_wiki\algowiki1901_rich_v1_third_pass\public_context_recovered\AW-000684.yaml,corpus\algorithm_wiki\algowiki1901_rich_v1_third_pass\metadata_context_recovered\AW-000684.meta.yaml,corpus\algorithm_wiki\algowiki1901_rich_v1_third_pass\evidence_recovered\AW-000684.context.evidence.yaml,graph,explicit_graph_problem,adjacency_list_query,path_or_tree,O(n^2),O(n^2),100,5,HIGH,a7b4883a41c0cde9,third_pass_reuse_named_graph_problem,RECOVERED_CONTEXT
AW-000690,"Tomas Feder, Nimrod Megiddoy, Serge A Plotki",corpus\algorithm_wiki\algowiki1901_rich_v1_third_pass\public_context_recovered\AW-000690.yaml,corpus\algorithm_wiki\algowiki1901_rich_v1_third_pass\metadata_context_recovered\AW-000690.meta.yaml,corpus\algorithm_wiki\algowiki1901_rich_v1_third_pass\evidence_recovered\AW-000690.context.evidence.yaml,data_structures,explicit_data_structure_problem,random_access_string,data_structure_output,O(n^{0.5}),O(n^{0.5}) auxiliary per processor,100,4,HIGH,7c036f7da741d366,third_pass_reuse_data_structure,RECOVERED_CONTEXT
AW-000701,Fellegi & Sunter Model,corpus\algorithm_wiki\algowiki1901_rich_v1_third_pass\public_context_recovered\AW-000701.yaml,corpus\algorithm_wiki\algowiki1901_rich_v1_third_pass\metadata_context_recovered\AW-000701.meta.yaml,corpus\algorithm_wiki\algowiki1901_rich_v1_third_pass\evidence_recovered\AW-000701.context.evidence.yaml,image_processing,explicit_image_processing_problem,random_access_string,full_solution,O(n^3 k),O(k),100,4,HIGH,fab6f08261a825bf,image_feature_detection,RECOVERED_CONTEXT
AW-000702,Gupta & Sarawagi CRF,corpus\algorithm_wiki\algowiki1901_rich_v1_third_pass\public_context_recovered\AW-000702.yaml,corpus\algorithm_wiki\algowiki1901_rich_v1_third_pass\metadata_context_recovered\AW-000702.meta.yaml,corpus\algorithm_wiki\algowiki1901_rich_v1_third_pass\evidence_recovered\AW-000702.context.evidence.yaml,image_processing,explicit_image_processing_problem,random_access_string,full_solution,O(n^3 k),O(nk),100,4,HIGH,158faa8dcd67beca,image_feature_detection,RECOVERED_CONTEXT
AW-000703,Chen Ensembles of classifiers,corpus\algorithm_wiki\algowiki1901_rich_v1_third_pass\public_context_recovered\AW-000703.yaml,corpus\algorithm_wiki\algowiki1901_rich_v1_third_pass\metadata_context_recovered\AW-000703.meta.yaml,corpus\algorithm_wiki\algowiki1901_rich_v1_third_pass\evidence_recovered\AW-000703.context.evidence.yaml,image_processing,explicit_image_processing_problem,random_access_string,full_solution,O(n^2 \log n),not stated,100,3,HIGH,bcd956e48de4353a,image_feature_detection,RECOVERED_CONTEXT
AW-000704,EM Based Winkler,corpus\algorithm_wiki\algowiki1901_rich_v1_third_pass\public_context_recovered\AW-000704.yaml,corpus\algorithm_wiki\algowiki1901_rich_v1_third_pass\metadata_context_recovered\AW-000704.meta.yaml,corpus\algorithm_wiki\algowiki1901_rich_v1_third_pass\evidence_recovered\AW-000704.context.evidence.yaml,image_processing,explicit_image_processing_problem,random_access_string,full_solution,O(n^3 k),O(k),100,4,HIGH,7e06b04fb089ab50,image_feature_detection,RECOVERED_CONTEXT
AW-000707,Ananthakrishna,corpus\algorithm_wiki\algowiki1901_rich_v1_third_pass\public_context_recovered\AW-000707.yaml,corpus\algorithm_wiki\algowiki1901_rich_v1_third_pass\metadata_context_recovered\AW-000707.meta.yaml,corpus\algorithm_wiki\algowiki1901_rich_v1_third_pass\evidence_recovered\AW-000707.context.evidence.yaml,image_processing,explicit_image_processing_problem,random_access_string,full_solution,O(n^2 k),O(n),100,4,HIGH,63a3727292d6c887,image_feature_detection,RECOVERED_CONTEXT
AW-000718,Kleitman–Wang Algorithm,corpus\algorithm_wiki\algowiki1901_rich_v1_third_pass\public_context_recovered\AW-000718.yaml,corpus\algorithm_wiki\algowiki1901_rich_v1_third_pass\metadata_context_recovered\AW-000718.meta.yaml,corpus\algorithm_wiki\algowiki1901_rich_v1_third_pass\evidence_recovered\AW-000718.context.evidence.yaml,graph,explicit_graph_problem,adjacency_list_query,path_or_tree,O(n),O(n),100,6,HIGH,a3121cb82c38c34c,third_pass_reuse_named_graph_problem,RECOVERED_CONTEXT
AW-000736,PINKALL U. POLTHIER K 1993,corpus\algorithm_wiki\algowiki1901_rich_v1_third_pass\public_context_recovered\AW-000736.yaml,corpus\algorithm_wiki\algowiki1901_rich_v1_third_pass\metadata_context_recovered\AW-000736.meta.yaml,corpus\algorithm_wiki\algowiki1901_rich_v1_third_pass\evidence_recovered\AW-000736.context.evidence.yaml,image_processing,explicit_image_processing_problem,explicit_input_instance,full_solution,O(n^2),not stated,100,5,HIGH,3cb6ddb64044d2c9,third_pass_reuse_image_feature_detection,RECOVERED_CONTEXT
AW-000737,FLOATER 2003,corpus\algorithm_wiki\algowiki1901_rich_v1_third_pass\public_context_recovered\AW-000737.yaml,corpus\algorithm_wiki\algowiki1901_rich_v1_third_pass\metadata_context_recovered\AW-000737.meta.yaml,corpus\algorithm_wiki\algowiki1901_rich_v1_third_pass\evidence_recovered\AW-000737.context.evidence.yaml,image_processing,explicit_image_processing_problem,explicit_input_instance,full_solution,O(n^2),not stated,100,5,HIGH,1839b546801da4b6,third_pass_reuse_image_feature_detection,RECOVERED_CONTEXT
AW-000738,LEE Y. KIM H. S. LEE S 2002,corpus\algorithm_wiki\algowiki1901_rich_v1_third_pass\public_context_recovered\AW-000738.yaml,corpus\algorithm_wiki\algowiki1901_rich_v1_third_pass\metadata_context_recovered\AW-000738.meta.yaml,corpus\algorithm_wiki\algowiki1901_rich_v1_third_pass\evidence_recovered\AW-000738.context.evidence.yaml,data_structures,explicit_data_structure_problem,random_access_string,data_structure_output,O(n \log^3 n),not stated,100,4,HIGH,65b29efe30b2b5dd,third_pass_reuse_data_structure,RECOVERED_CONTEXT
AW-000748,ZAYER R. ROESSL C. SEIDEL H.-P 2005,corpus\algorithm_wiki\algowiki1901_rich_v1_third_pass\public_context_recovered\AW-000748.yaml,corpus\algorithm_wiki\algowiki1901_rich_v1_third_pass\metadata_context_recovered\AW-000748.meta.yaml,corpus\algorithm_wiki\algowiki1901_rich_v1_third_pass\evidence_recovered\AW-000748.context.evidence.yaml,image_processing,explicit_image_processing_problem,explicit_input_instance,full_solution,O(n \log n),not stated,100,5,HIGH,83024e6625a63c6f,third_pass_reuse_rendering_shading,RECOVERED_CONTEXT
AW-000751,YANG Y. KIM J. LUO F. HU S. GU X. 2008,corpus\algorithm_wiki\algowiki1901_rich_v1_third_pass\public_context_recovered\AW-000751.yaml,corpus\algorithm_wiki\algowiki1901_rich_v1_third_pass\metadata_context_recovered\AW-000751.meta.yaml,corpus\algorithm_wiki\algowiki1901_rich_v1_third_pass\evidence_recovered\AW-000751.context.evidence.yaml,data_structures,explicit_data_structure_problem,random_access_string,data_structure_output,O(n \log \log n),not stated,100,3,HIGH,d0481dcf29623f78,third_pass_reuse_data_structure,RECOVERED_CONTEXT
AW-000766,Stratonovich,corpus\algorithm_wiki\algowiki1901_rich_v1_third_pass\public_context_recovered\AW-000766.yaml,corpus\algorithm_wiki\algowiki1901_rich_v1_third_pass\metadata_context_recovered\AW-000766.meta.yaml,corpus\algorithm_wiki\algowiki1901_rich_v1_third_pass\evidence_recovered\AW-000766.context.evidence.yaml,numerical_analysis,explicit_numerical_problem,random_access_string,estimate,O(n^3),not stated,100,4,HIGH,a9fd89c7c61293f2,kalman_state_estimation,RECOVERED_CONTEXT
AW-000767,Stratonovich,corpus\algorithm_wiki\algowiki1901_rich_v1_third_pass\public_context_recovered\AW-000767.yaml,corpus\algorithm_wiki\algowiki1901_rich_v1_third_pass\metadata_context_recovered\AW-000767.meta.yaml,corpus\algorithm_wiki\algowiki1901_rich_v1_third_pass\evidence_recovered\AW-000767.context.evidence.yaml,numerical_analysis,explicit_numerical_problem,random_access_string,estimate,O(n^3),not stated,100,4,HIGH,a9fd89c7c61293f2,kalman_state_estimation,RECOVERED_CONTEXT
AW-000784,The INDEGREE Algorithm,corpus\algorithm_wiki\algowiki1901_rich_v1_third_pass\public_context_recovered\AW-000784.yaml,corpus\algorithm_wiki\algowiki1901_rich_v1_third_pass\metadata_context_recovered\AW-000784.meta.yaml,corpus\algorithm_wiki\algowiki1901_rich_v1_third_pass\evidence_recovered\AW-000784.context.evidence.yaml,numerical_analysis,explicit_numerical_problem,random_access_string,estimate,O(mn),O(n),100,4,HIGH,f270ac1d6755f9f4,kalman_state_estimation,RECOVERED_CONTEXT
AW-000823,Trial Multiplication,corpus\algorithm_wiki\algowiki1901_rich_v1_third_pass\public_context_recovered\AW-000823.yaml,corpus\algorithm_wiki\algowiki1901_rich_v1_third_pass\metadata_context_recovered\AW-000823.meta.yaml,corpus\algorithm_wiki\algowiki1901_rich_v1_third_pass\evidence_recovered\AW-000823.context.evidence.yaml,combinatorics,explicit_combinatorial_problem,explicit_input_instance,full_solution,O(2^n),O(1),100,3,HIGH,a92ee5e57be6199d,third_pass_reuse_integer_factorization,RECOVERED_CONTEXT
AW-000825,Function Field Sieve (FFS),corpus\algorithm_wiki\algowiki1901_rich_v1_third_pass\public_context_recovered\AW-000825.yaml,corpus\algorithm_wiki\algowiki1901_rich_v1_third_pass\metadata_context_recovered\AW-000825.meta.yaml,corpus\algorithm_wiki\algowiki1901_rich_v1_third_pass\evidence_recovered\AW-000825.context.evidence.yaml,graph,explicit_graph_problem,adjacency_list_query,path_or_tree,"O(\exp((1+o(1))(32n/9)^{1/3}(\log n)^{2/3})), under assumption about numbers in a sequence behaving randomly in a given range",O(n^{2/3}),100,4,HIGH,ea1e6b81f35fdd9e,third_pass_reuse_named_graph_problem,RECOVERED_CONTEXT
AW-000847,Recursion based,corpus\algorithm_wiki\algowiki1901_rich_v1_third_pass\public_context_recovered\AW-000847.yaml,corpus\algorithm_wiki\algowiki1901_rich_v1_third_pass\metadata_context_recovered\AW-000847.meta.yaml,corpus\algorithm_wiki\algowiki1901_rich_v1_third_pass\evidence_recovered\AW-000847.context.evidence.yaml,graph,explicit_graph_problem,adjacency_list_query,path_or_tree,O(2^n),O(n \log n),100,5,HIGH,9fbaf2c1efd92b16,third_pass_reuse_named_graph_problem,RECOVERED_CONTEXT
AW-000848,Non-recursion based,corpus\algorithm_wiki\algowiki1901_rich_v1_third_pass\public_context_recovered\AW-000848.yaml,corpus\algorithm_wiki\algowiki1901_rich_v1_third_pass\metadata_context_recovered\AW-000848.meta.yaml,corpus\algorithm_wiki\algowiki1901_rich_v1_third_pass\evidence_recovered\AW-000848.context.evidence.yaml,graph,explicit_graph_problem,adjacency_list_query,path_or_tree,O(2^n),O(n),100,4,HIGH,606899b50b98d229,third_pass_reuse_named_graph_problem,RECOVERED_CONTEXT
AW-000860,Shamir's scheme,corpus\algorithm_wiki\algowiki1901_rich_v1_third_pass\public_context_recovered\AW-000860.yaml,corpus\algorithm_wiki\algowiki1901_rich_v1_third_pass\metadata_context_recovered\AW-000860.meta.yaml,corpus\algorithm_wiki\algowiki1901_rich_v1_third_pass\evidence_recovered\AW-000860.context.evidence.yaml,graph,explicit_graph_problem,adjacency_list_query,path_or_tree,O(t^2),"O(1) per person, O(t^2) to figure out secret",100,3,HIGH,8aa28c339e6c4506,third_pass_reuse_named_graph_problem,RECOVERED_CONTEXT
AW-000879,Brute force algorithm,corpus\algorithm_wiki\algowiki1901_rich_v1_third_pass\public_context_recovered\AW-000879.yaml,corpus\algorithm_wiki\algowiki1901_rich_v1_third_pass\metadata_context_recovered\AW-000879.meta.yaml,corpus\algorithm_wiki\algowiki1901_rich_v1_third_pass\evidence_recovered\AW-000879.context.evidence.yaml,graph,explicit_graph_problem,adjacency_list_query,path_or_tree,O(2^n),O(n),100,4,HIGH,b34362299fa188ad,third_pass_reuse_named_graph_problem,RECOVERED_CONTEXT
AW-000883,Fixed priority shortest job first,corpus\algorithm_wiki\algowiki1901_rich_v1_third_pass\public_context_recovered\AW-000883.yaml,corpus\algorithm_wiki\algowiki1901_rich_v1_third_pass\metadata_context_recovered\AW-000883.meta.yaml,corpus\algorithm_wiki\algowiki1901_rich_v1_third_pass\evidence_recovered\AW-000883.context.evidence.yaml,dynamic_programming,explicit_dynamic_programming_problem,offline_batch_queries,path_or_tree,O(n \log n),O(n+k),100,3,HIGH,343278db01a032f3,decision_process_planning,RECOVERED_CONTEXT
AW-000892,"First-in, first-out",corpus\algorithm_wiki\algowiki1901_rich_v1_third_pass\public_context_recovered\AW-000892.yaml,corpus\algorithm_wiki\algowiki1901_rich_v1_third_pass\metadata_context_recovered\AW-000892.meta.yaml,corpus\algorithm_wiki\algowiki1901_rich_v1_third_pass\evidence_recovered\AW-000892.context.evidence.yaml,data_structures,explicit_data_structure_problem,random_access_string,data_structure_output,O(nk),O(k),100,3,HIGH,1029892f6b028ce4,third_pass_reuse_data_structure,RECOVERED_CONTEXT
AW-000898,Aging,corpus\algorithm_wiki\algowiki1901_rich_v1_third_pass\public_context_recovered\AW-000898.yaml,corpus\algorithm_wiki\algowiki1901_rich_v1_third_pass\metadata_context_recovered\AW-000898.meta.yaml,corpus\algorithm_wiki\algowiki1901_rich_v1_third_pass\evidence_recovered\AW-000898.context.evidence.yaml,parallel_algorithms,explicit_parallel_algorithm_problem,explicit_input_instance,yes_no_decision,O(nk),O(k),100,4,HIGH,d4065d28827075e7,third_pass_reuse_distributed_mutual_exclusion,RECOVERED_CONTEXT
AW-000903,O'Neil 1973,corpus\algorithm_wiki\algowiki1901_rich_v1_third_pass\public_context_recovered\AW-000903.yaml,corpus\algorithm_wiki\algowiki1901_rich_v1_third_pass\metadata_context_recovered\AW-000903.meta.yaml,corpus\algorithm_wiki\algowiki1901_rich_v1_third_pass\evidence_recovered\AW-000903.context.evidence.yaml,data_structures,explicit_data_structure_problem,random_access_string,data_structure_output,O(n^3),not stated,100,4,HIGH,186fa06c29158e7d,third_pass_reuse_data_structure,RECOVERED_CONTEXT
AW-000985,Exhaustive search,corpus\algorithm_wiki\algowiki1901_rich_v1_third_pass\public_context_recovered\AW-000985.yaml,corpus\algorithm_wiki\algowiki1901_rich_v1_third_pass\metadata_context_recovered\AW-000985.meta.yaml,corpus\algorithm_wiki\algowiki1901_rich_v1_third_pass\evidence_recovered\AW-000985.context.evidence.yaml,combinatorics,explicit_combinatorial_problem,explicit_input_instance,yes_no_decision,O(d*n^k),O(k) auxiliary,100,5,HIGH,d0048da2a53430ff,third_pass_reuse_n_queens,RECOVERED_CONTEXT
AW-000986,"Abboud, Williams, Yu",corpus\algorithm_wiki\algowiki1901_rich_v1_third_pass\public_context_recovered\AW-000986.yaml,corpus\algorithm_wiki\algowiki1901_rich_v1_third_pass\metadata_context_recovered\AW-000986.meta.yaml,corpus\algorithm_wiki\algowiki1901_rich_v1_third_pass\evidence_recovered\AW-000986.context.evidence.yaml,combinatorics,explicit_combinatorial_problem,explicit_input_instance,full_solution,O(n^{(2-1/O(d/log(n)))}),not stated,100,6,HIGH,292a233042ad58c0,williams_p_plus_one_factorization,RECOVERED_CONTEXT
AW-000987,"Reduction to Abboud, Williams, Yu",corpus\algorithm_wiki\algowiki1901_rich_v1_third_pass\public_context_recovered\AW-000987.yaml,corpus\algorithm_wiki\algowiki1901_rich_v1_third_pass\metadata_context_recovered\AW-000987.meta.yaml,corpus\algorithm_wiki\algowiki1901_rich_v1_third_pass\evidence_recovered\AW-000987.context.evidence.yaml,combinatorics,explicit_combinatorial_problem,explicit_input_instance,full_solution,O(n^{(k-1/O(d/log(n)))}),not stated,100,6,HIGH,9e0bc4fd2a972850,williams_p_plus_one_factorization,RECOVERED_CONTEXT
AW-000988,"Chan, Williams",corpus\algorithm_wiki\algowiki1901_rich_v1_third_pass\public_context_recovered\AW-000988.yaml,corpus\algorithm_wiki\algowiki1901_rich_v1_third_pass\metadata_context_recovered\AW-000988.meta.yaml,corpus\algorithm_wiki\algowiki1901_rich_v1_third_pass\evidence_recovered\AW-000988.context.evidence.yaml,combinatorics,explicit_combinatorial_problem,explicit_input_instance,full_solution,O(n^{(2-1/O(d/log(n)))}),not stated,100,6,HIGH,42bdf5f4aa093a35,williams_p_plus_one_factorization,RECOVERED_CONTEXT
AW-000989,"Reduction to Chan, Williams",corpus\algorithm_wiki\algowiki1901_rich_v1_third_pass\public_context_recovered\AW-000989.yaml,corpus\algorithm_wiki\algowiki1901_rich_v1_third_pass\metadata_context_recovered\AW-000989.meta.yaml,corpus\algorithm_wiki\algowiki1901_rich_v1_third_pass\evidence_recovered\AW-000989.context.evidence.yaml,combinatorics,explicit_combinatorial_problem,explicit_input_instance,full_solution,O(n^{(k-1/O(d/log(n)))}),not stated,100,6,HIGH,cbfb49f2cbef8943,williams_p_plus_one_factorization,RECOVERED_CONTEXT
AW-001014,Takaoka,corpus\algorithm_wiki\algowiki1901_rich_v1_third_pass\public_context_recovered\AW-001014.yaml,corpus\algorithm_wiki\algowiki1901_rich_v1_third_pass\metadata_context_recovered\AW-001014.meta.yaml,corpus\algorithm_wiki\algowiki1901_rich_v1_third_pass\evidence_recovered\AW-001014.context.evidence.yaml,graph,explicit_graph_problem,adjacency_list_query,path_or_tree,not stated,not stated,100,6,HIGH,be0d54c824f8adeb,third_pass_reuse_named_graph_problem,RECOVERED_CONTEXT
AW-001015,Chan,corpus\algorithm_wiki\algowiki1901_rich_v1_third_pass\public_context_recovered\AW-001015.yaml,corpus\algorithm_wiki\algowiki1901_rich_v1_third_pass\metadata_context_recovered\AW-001015.meta.yaml,corpus\algorithm_wiki\algowiki1901_rich_v1_third_pass\evidence_recovered\AW-001015.context.evidence.yaml,graph,explicit_graph_problem,adjacency_list_query,path_or_tree,not stated,not stated,100,5,HIGH,10c1ffbc9d59eb1b,third_pass_reuse_named_graph_problem,RECOVERED_CONTEXT
AW-001018,"Buhler, Lenstra, Pomerance",corpus\algorithm_wiki\algowiki1901_rich_v1_third_pass\public_context_recovered\AW-001018.yaml,corpus\algorithm_wiki\algowiki1901_rich_v1_third_pass\metadata_context_recovered\AW-001018.meta.yaml,corpus\algorithm_wiki\algowiki1901_rich_v1_third_pass\evidence_recovered\AW-001018.context.evidence.yaml,combinatorics,explicit_combinatorial_problem,explicit_input_instance,full_solution,not stated,not stated,100,6,HIGH,da4bf943eaf9eb92,third_pass_reuse_integer_factorization,RECOVERED_CONTEXT
AW-001020,Fredman,corpus\algorithm_wiki\algowiki1901_rich_v1_third_pass\public_context_recovered\AW-001020.yaml,corpus\algorithm_wiki\algowiki1901_rich_v1_third_pass\metadata_context_recovered\AW-001020.meta.yaml,corpus\algorithm_wiki\algowiki1901_rich_v1_third_pass\evidence_recovered\AW-001020.context.evidence.yaml,graph,explicit_graph_problem,adjacency_list_query,path_or_tree,O(n^3(log log n/ log n)^{1/3}),not stated,100,5,HIGH,f25d7d3fc4a11202,third_pass_reuse_named_graph_problem,RECOVERED_CONTEXT
AW-001047,Nassimi and Sahni,corpus\algorithm_wiki\algowiki1901_rich_v1_third_pass\public_context_recovered\AW-001047.yaml,corpus\algorithm_wiki\algowiki1901_rich_v1_third_pass\metadata_context_recovered\AW-001047.meta.yaml,corpus\algorithm_wiki\algowiki1901_rich_v1_third_pass\evidence_recovered\AW-001047.context.evidence.yaml,image_processing,explicit_image_processing_problem,explicit_input_instance,full_solution,O(n^0.5),not stated,100,5,HIGH,985341aa7d584076,third_pass_reuse_rendering_shading,RECOVERED_CONTEXT
AW-001174,"Tianzhen, Zhou, Xiozhen",corpus\algorithm_wiki\algowiki1901_rich_v1_third_pass\public_context_recovered\AW-001174.yaml,corpus\algorithm_wiki\algowiki1901_rich_v1_third_pass\metadata_context_recovered\AW-001174.meta.yaml,corpus\algorithm_wiki\algowiki1901_rich_v1_third_pass\evidence_recovered\AW-001174.context.evidence.yaml,image_processing,explicit_image_processing_problem,explicit_input_instance,full_solution,O(1),not stated,100,5,HIGH,5341f33fef42157c,third_pass_reuse_rendering_shading,RECOVERED_CONTEXT
AW-001201,"Olariu, Schwing",corpus\algorithm_wiki\algowiki1901_rich_v1_third_pass\public_context_recovered\AW-001201.yaml,corpus\algorithm_wiki\algowiki1901_rich_v1_third_pass\metadata_context_recovered\AW-001201.meta.yaml,corpus\algorithm_wiki\algowiki1901_rich_v1_third_pass\evidence_recovered\AW-001201.context.evidence.yaml,data_structures,explicit_data_structure_problem,random_access_string,data_structure_output,O(1),not stated,100,5,HIGH,c4f68585d8c34f82,third_pass_reuse_data_structure,RECOVERED_CONTEXT
AW-001226,Cerin,corpus\algorithm_wiki\algowiki1901_rich_v1_third_pass\public_context_recovered\AW-001226.yaml,corpus\algorithm_wiki\algowiki1901_rich_v1_third_pass\metadata_context_recovered\AW-001226.meta.yaml,corpus\algorithm_wiki\algowiki1901_rich_v1_third_pass\evidence_recovered\AW-001226.context.evidence.yaml,data_structures,explicit_parallel_algorithm_problem,explicit_input_instance,full_solution,not stated,not stated,100,5,HIGH,f61158cbe0830d51,third_pass_reuse_data_structure,RECOVERED_CONTEXT
AW-001257,"Bosakova-Ardenska, Vasilev, Kostadinova-Georgieva",corpus\algorithm_wiki\algowiki1901_rich_v1_third_pass\public_context_recovered\AW-001257.yaml,corpus\algorithm_wiki\algowiki1901_rich_v1_third_pass\metadata_context_recovered\AW-001257.meta.yaml,corpus\algorithm_wiki\algowiki1901_rich_v1_third_pass\evidence_recovered\AW-001257.context.evidence.yaml,data_structures,explicit_data_structure_problem,random_access_string,data_structure_output,not stated,not stated,100,5,HIGH,fc821be048e41439,third_pass_reuse_data_structure,RECOVERED_CONTEXT
AW-001265,"Kim, Choi, Bae",corpus\algorithm_wiki\algowiki1901_rich_v1_third_pass\public_context_recovered\AW-001265.yaml,corpus\algorithm_wiki\algowiki1901_rich_v1_third_pass\metadata_context_recovered\AW-001265.meta.yaml,corpus\algorithm_wiki\algowiki1901_rich_v1_third_pass\evidence_recovered\AW-001265.context.evidence.yaml,graph,explicit_graph_problem,adjacency_list_query,path_or_tree,O(n/p \log^2(n)),not stated,100,5,HIGH,7747ea5cc4b13a63,third_pass_reuse_named_graph_problem,RECOVERED_CONTEXT
AW-001351,"Solomonik, Demmel (Classical 2.5D)",corpus\algorithm_wiki\algowiki1901_rich_v1_third_pass\public_context_recovered\AW-001351.yaml,corpus\algorithm_wiki\algowiki1901_rich_v1_third_pass\metadata_context_recovered\AW-001351.meta.yaml,corpus\algorithm_wiki\algowiki1901_rich_v1_third_pass\evidence_recovered\AW-001351.context.evidence.yaml,data_structures,explicit_data_structure_problem,random_access_string,data_structure_output,O(n^3/p),not stated,100,4,HIGH,c7e9dbf33117dd71,third_pass_reuse_data_structure,RECOVERED_CONTEXT
AW-001355,"Hunold, Rauber, Rünger",corpus\algorithm_wiki\algowiki1901_rich_v1_third_pass\public_context_recovered\AW-001355.yaml,corpus\algorithm_wiki\algowiki1901_rich_v1_third_pass\metadata_context_recovered\AW-001355.meta.yaml,corpus\algorithm_wiki\algowiki1901_rich_v1_third_pass\evidence_recovered\AW-001355.context.evidence.yaml,data_structures,explicit_data_structure_problem,random_access_string,data_structure_output,O(n^3/p),not stated,100,5,HIGH,71ef6ad5a8f58a57,third_pass_reuse_data_structure,RECOVERED_CONTEXT
AW-001691,Swarztrauber,corpus\algorithm_wiki\algowiki1901_rich_v1_third_pass\public_context_recovered\AW-001691.yaml,corpus\algorithm_wiki\algowiki1901_rich_v1_third_pass\metadata_context_recovered\AW-001691.meta.yaml,corpus\algorithm_wiki\algowiki1901_rich_v1_third_pass\evidence_recovered\AW-001691.context.evidence.yaml,graph,explicit_graph_problem,adjacency_list_query,path_or_tree,O(\log n),not stated,100,5,HIGH,fbd99e169ca3c930,third_pass_reuse_named_graph_problem,RECOVERED_CONTEXT
AW-001782,"Zhao Ning, Wang XuBen",corpus\algorithm_wiki\algowiki1901_rich_v1_third_pass\public_context_recovered\AW-001782.yaml,corpus\algorithm_wiki\algowiki1901_rich_v1_third_pass\metadata_context_recovered\AW-001782.meta.yaml,corpus\algorithm_wiki\algowiki1901_rich_v1_third_pass\evidence_recovered\AW-001782.context.evidence.yaml,data_structures,explicit_data_structure_problem,random_access_string,data_structure_output,not stated,not stated,100,4,HIGH,8588a8b07f95ce86,third_pass_reuse_data_structure,RECOVERED_CONTEXT
AW-001828,"CZ algorithm - Jiancheng, Yiqin, Yu",corpus\algorithm_wiki\algowiki1901_rich_v1_third_pass\public_context_recovered\AW-001828.yaml,corpus\algorithm_wiki\algowiki1901_rich_v1_third_pass\metadata_context_recovered\AW-001828.meta.yaml,corpus\algorithm_wiki\algowiki1901_rich_v1_third_pass\evidence_recovered\AW-001828.context.evidence.yaml,data_structures,explicit_data_structure_problem,random_access_string,data_structure_output,O(N+\log{M}),not stated,100,6,HIGH,b1c500a983fd9c55,third_pass_reuse_data_structure,RECOVERED_CONTEXT
AW-001877,"Chafik, Daoui",corpus\algorithm_wiki\algowiki1901_rich_v1_third_pass\public_context_recovered\AW-001877.yaml,corpus\algorithm_wiki\algowiki1901_rich_v1_third_pass\metadata_context_recovered\AW-001877.meta.yaml,corpus\algorithm_wiki\algowiki1901_rich_v1_third_pass\evidence_recovered\AW-001877.context.evidence.yaml,data_structures,explicit_data_structure_problem,random_access_string,data_structure_output,not stated,not stated,100,4,HIGH,848f4034de728067,third_pass_reuse_data_structure,RECOVERED_CONTEXT
