candidate_family_id,parent_algorithm_name,selected,original_output_type,access_provided,candidate_universe,canonical_run,canonical_run_dir,family_member_count,family_members,research_disposition,graph_status,claim_accepted,output_alignment,access_upgrade_status,oracle_status,baseline_status,hard_blockers,unknown_obligations
qfam-02582ffdca75,MotifSampler,amplitude_amplification,FULL_RESULT,coherent_boolean_oracle,UNSPECIFIED,fdv1_public_probe_v1_001__qml-482c8a5f2977,runs/final_discovery_run_v1_review_candidates/USEFUL_SUBROUTINE_CANDIDATE/fdv1_public_probe_v1_001__qml-482c8a5f2977,1,runs/final_discovery_run_v1_review_candidates/USEFUL_SUBROUTINE_CANDIDATE/fdv1_public_probe_v1_001__qml-482c8a5f2977,DEMOTE_GENERIC,PASS,True,DIAGNOSTIC_ONLY,UNVERIFIED,BLACK_BOX_ASSUMPTION,BASELINE_UNVERIFIED,,S1_OUTPUT_RECOVERABILITY;S2_ACCESS_UPGRADE;S3_ORACLE_CONSTRUCTION;S4_BEST_BASELINE
qfam-0284d70e518b,O(n^2) Dynamic Programming,amplitude_amplification,FULL_RESULT,coherent_boolean_oracle,UNSPECIFIED,fdv1_public_probe_v1_012__qml-88c07f242419,runs/final_discovery_run_v1_review_candidates/USEFUL_SUBROUTINE_CANDIDATE/fdv1_public_probe_v1_012__qml-88c07f242419,1,runs/final_discovery_run_v1_review_candidates/USEFUL_SUBROUTINE_CANDIDATE/fdv1_public_probe_v1_012__qml-88c07f242419,DEMOTE_GENERIC,PASS,True,DIAGNOSTIC_ONLY,UNVERIFIED,BLACK_BOX_ASSUMPTION,BASELINE_UNVERIFIED,,S1_OUTPUT_RECOVERABILITY;S2_ACCESS_UPGRADE;S3_ORACLE_CONSTRUCTION;S4_BEST_BASELINE
qfam-03b136f011f7,Anytime Repairing A* (ARA*),amplitude_amplification,FULL_RESULT,coherent_boolean_oracle,UNSPECIFIED,fdv1_public_probe_v1_002__qml-a40986982127,runs/final_discovery_run_v1_review_candidates/USEFUL_SUBROUTINE_CANDIDATE/fdv1_public_probe_v1_002__qml-a40986982127,1,runs/final_discovery_run_v1_review_candidates/USEFUL_SUBROUTINE_CANDIDATE/fdv1_public_probe_v1_002__qml-a40986982127,DEMOTE_GENERIC,PASS,True,DIAGNOSTIC_ONLY,UNVERIFIED,BLACK_BOX_ASSUMPTION,BASELINE_UNVERIFIED,,S1_OUTPUT_RECOVERABILITY;S2_ACCESS_UPGRADE;S3_ORACLE_CONSTRUCTION;S4_BEST_BASELINE
qfam-043acdc5a14c,Pferschy,amplitude_amplification,UNKNOWN,coherent_boolean_oracle,UNSPECIFIED,fdv1_public_probe_v1_001__qml-a906abc76fd8,runs/final_discovery_run_v1_review_candidates/USEFUL_SUBROUTINE_CANDIDATE/fdv1_public_probe_v1_001__qml-a906abc76fd8,1,runs/final_discovery_run_v1_review_candidates/USEFUL_SUBROUTINE_CANDIDATE/fdv1_public_probe_v1_001__qml-a906abc76fd8,DEMOTE_GENERIC,PASS,True,UNKNOWN,UNVERIFIED,BLACK_BOX_ASSUMPTION,BASELINE_UNVERIFIED,,S1_OUTPUT_RECOVERABILITY;S2_ACCESS_UPGRADE;S3_ORACLE_CONSTRUCTION;S4_BEST_BASELINE
qfam-045537b3211f,Horowitz and Sahni,quantum_minimum_finding,UNKNOWN,coherent_value_oracle,finite_candidate_set_problem,fdv1_registry_v1_probes_001__qml-6408632e0882,runs/final_discovery_run_v1_review_candidates/HIGH_PRIORITY_EXPERT_REVIEW/fdv1_registry_v1_probes_001__qml-6408632e0882,1,runs/final_discovery_run_v1_review_candidates/HIGH_PRIORITY_EXPERT_REVIEW/fdv1_registry_v1_probes_001__qml-6408632e0882,REFORMULATE,PASS,True,UNKNOWN,UNVERIFIED,BLACK_BOX_ASSUMPTION,BASELINE_UNVERIFIED,,S1_OUTPUT_RECOVERABILITY;S2_ACCESS_UPGRADE;S3_ORACLE_CONSTRUCTION;S4_BEST_BASELINE
qfam-06f2e02fc07b,EKF SLAM,amplitude_amplification,FULL_RESULT,coherent_boolean_oracle,UNSPECIFIED,fdv1_public_probe_v1_002__qml-a073540e0c8b,runs/final_discovery_run_v1_review_candidates/USEFUL_SUBROUTINE_CANDIDATE/fdv1_public_probe_v1_002__qml-a073540e0c8b,1,runs/final_discovery_run_v1_review_candidates/USEFUL_SUBROUTINE_CANDIDATE/fdv1_public_probe_v1_002__qml-a073540e0c8b,DEMOTE_GENERIC,PASS,True,DIAGNOSTIC_ONLY,UNVERIFIED,BLACK_BOX_ASSUMPTION,BASELINE_UNVERIFIED,,S1_OUTPUT_RECOVERABILITY;S2_ACCESS_UPGRADE;S3_ORACLE_CONSTRUCTION;S4_BEST_BASELINE
qfam-09afce237c80,Ocone,amplitude_amplification,FULL_RESULT,coherent_boolean_oracle,UNSPECIFIED,fdv1_public_probe_v1_011__qml-bd11f0e97a45,runs/final_discovery_run_v1_review_candidates/USEFUL_SUBROUTINE_CANDIDATE/fdv1_public_probe_v1_011__qml-bd11f0e97a45,1,runs/final_discovery_run_v1_review_candidates/USEFUL_SUBROUTINE_CANDIDATE/fdv1_public_probe_v1_011__qml-bd11f0e97a45,DEMOTE_GENERIC,PASS,True,DIAGNOSTIC_ONLY,UNVERIFIED,BLACK_BOX_ASSUMPTION,BASELINE_UNVERIFIED,,S1_OUTPUT_RECOVERABILITY;S2_ACCESS_UPGRADE;S3_ORACLE_CONSTRUCTION;S4_BEST_BASELINE
qfam-0c191946968e,Hierarchical Navigable Small World (HNSW),quantum_walk_marked_vertex_search,UNKNOWN,coherent_markov_chain_walk_oracle,marked_markov_chain_search_problem,fdv1_registry_v1_probes_001__qml-5ef740526591,runs/final_discovery_run_v1_review_candidates/HIGH_PRIORITY_EXPERT_REVIEW/fdv1_registry_v1_probes_001__qml-5ef740526591,1,runs/final_discovery_run_v1_review_candidates/HIGH_PRIORITY_EXPERT_REVIEW/fdv1_registry_v1_probes_001__qml-5ef740526591,REFORMULATE,PASS,True,UNKNOWN,UNVERIFIED,BLACK_BOX_ASSUMPTION,BASELINE_UNVERIFIED,,S1_OUTPUT_RECOVERABILITY;S2_ACCESS_UPGRADE;S3_ORACLE_CONSTRUCTION;S4_BEST_BASELINE
qfam-131b60c863e5,Dijkstra,amplitude_amplification,FULL_RESULT,coherent_boolean_oracle,UNSPECIFIED,fdv1_public_probe_v1_012__qml-27352fff6c68,runs/final_discovery_run_v1_review_candidates/USEFUL_SUBROUTINE_CANDIDATE/fdv1_public_probe_v1_012__qml-27352fff6c68,1,runs/final_discovery_run_v1_review_candidates/USEFUL_SUBROUTINE_CANDIDATE/fdv1_public_probe_v1_012__qml-27352fff6c68,DEMOTE_GENERIC,PASS,True,DIAGNOSTIC_ONLY,UNVERIFIED,BLACK_BOX_ASSUMPTION,BASELINE_UNVERIFIED,,S1_OUTPUT_RECOVERABILITY;S2_ACCESS_UPGRADE;S3_ORACLE_CONSTRUCTION;S4_BEST_BASELINE
qfam-13b501c8803d,Preparata and Shamos (Wedge),amplitude_amplification,FULL_RESULT,coherent_boolean_oracle,explicit_graph_problem,fdv1_public_probe_v1_011__qml-9903e559e75d,runs/final_discovery_run_v1_review_candidates/USEFUL_SUBROUTINE_CANDIDATE/fdv1_public_probe_v1_011__qml-9903e559e75d,1,runs/final_discovery_run_v1_review_candidates/USEFUL_SUBROUTINE_CANDIDATE/fdv1_public_probe_v1_011__qml-9903e559e75d,DEMOTE_GENERIC,PASS,True,DIAGNOSTIC_ONLY,UNVERIFIED,BLACK_BOX_ASSUMPTION,BASELINE_UNVERIFIED,,S1_OUTPUT_RECOVERABILITY;S2_ACCESS_UPGRADE;S3_ORACLE_CONSTRUCTION;S4_BEST_BASELINE
qfam-15c8f3c4e2a6,HyperLogLog algorithm,amplitude_estimation,SCALAR,coherent_estimation_oracle,explicit_numerical_problem,fdv1_public_probe_v1_008__qml-29c5e2219511,runs/final_discovery_run_v1_review_candidates/USEFUL_SUBROUTINE_CANDIDATE/fdv1_public_probe_v1_008__qml-29c5e2219511,1,runs/final_discovery_run_v1_review_candidates/USEFUL_SUBROUTINE_CANDIDATE/fdv1_public_probe_v1_008__qml-29c5e2219511,DEMOTE_GENERIC,PASS,True,EXACT_OUTPUT_MATCH,UNVERIFIED,BLACK_BOX_ASSUMPTION,BASELINE_UNVERIFIED,,S2_ACCESS_UPGRADE;S3_ORACLE_CONSTRUCTION;S4_BEST_BASELINE
qfam-194a42084bab,Pollard's rho algorithm,amplitude_estimation,SCALAR,coherent_estimation_oracle,explicit_numerical_problem,fdv1_public_probe_v1_005__qml-04f396639ff0,runs/final_discovery_run_v1_review_candidates/USEFUL_SUBROUTINE_CANDIDATE/fdv1_public_probe_v1_005__qml-04f396639ff0,1,runs/final_discovery_run_v1_review_candidates/USEFUL_SUBROUTINE_CANDIDATE/fdv1_public_probe_v1_005__qml-04f396639ff0,DEMOTE_GENERIC,PASS,True,EXACT_OUTPUT_MATCH,UNVERIFIED,BLACK_BOX_ASSUMPTION,BASELINE_UNVERIFIED,,S2_ACCESS_UPGRADE;S3_ORACLE_CONSTRUCTION;S4_BEST_BASELINE
qfam-197979bd68e0,Gosper's algorithm,amplitude_amplification,UNKNOWN,coherent_boolean_oracle,UNSPECIFIED,fdv1_public_probe_v1_007__qml-285865995954,runs/final_discovery_run_v1_review_candidates/USEFUL_SUBROUTINE_CANDIDATE/fdv1_public_probe_v1_007__qml-285865995954,1,runs/final_discovery_run_v1_review_candidates/USEFUL_SUBROUTINE_CANDIDATE/fdv1_public_probe_v1_007__qml-285865995954,DEMOTE_GENERIC,PASS,True,UNKNOWN,UNVERIFIED,BLACK_BOX_ASSUMPTION,BASELINE_UNVERIFIED,,S1_OUTPUT_RECOVERABILITY;S2_ACCESS_UPGRADE;S3_ORACLE_CONSTRUCTION;S4_BEST_BASELINE
qfam-1df5931f9a3a,Ravikumar & Cohen Generative Models,quantum_backtracking_tree_search,UNKNOWN,coherent_backtracking_tree_oracle,implicit_backtracking_tree_problem,fdv1_registry_v1_probes_001__qml-fc461c503c99,runs/final_discovery_run_v1_review_candidates/HIGH_PRIORITY_EXPERT_REVIEW/fdv1_registry_v1_probes_001__qml-fc461c503c99,1,runs/final_discovery_run_v1_review_candidates/HIGH_PRIORITY_EXPERT_REVIEW/fdv1_registry_v1_probes_001__qml-fc461c503c99,REFORMULATE,PASS,True,UNKNOWN,UNVERIFIED,BLACK_BOX_ASSUMPTION,BASELINE_UNVERIFIED,,S1_OUTPUT_RECOVERABILITY;S2_ACCESS_UPGRADE;S3_ORACLE_CONSTRUCTION;S4_BEST_BASELINE
qfam-1ed5b195871d,Theta*,amplitude_amplification,FULL_RESULT,coherent_boolean_oracle,UNSPECIFIED,fdv1_public_probe_v1_002__qml-555c50113297,runs/final_discovery_run_v1_review_candidates/USEFUL_SUBROUTINE_CANDIDATE/fdv1_public_probe_v1_002__qml-555c50113297,1,runs/final_discovery_run_v1_review_candidates/USEFUL_SUBROUTINE_CANDIDATE/fdv1_public_probe_v1_002__qml-555c50113297,DEMOTE_GENERIC,PASS,True,DIAGNOSTIC_ONLY,UNVERIFIED,BLACK_BOX_ASSUMPTION,BASELINE_UNVERIFIED,,S1_OUTPUT_RECOVERABILITY;S2_ACCESS_UPGRADE;S3_ORACLE_CONSTRUCTION;S4_BEST_BASELINE
qfam-1f63c9c17306,non-parametric sampling Efros and Leung,amplitude_estimation,FULL_RESULT,coherent_estimation_oracle,explicit_image_processing_problem,fdv1_public_probe_v1_002__qml-ebc2d8b51faf,runs/final_discovery_run_v1_review_candidates/USEFUL_SUBROUTINE_CANDIDATE/fdv1_public_probe_v1_002__qml-ebc2d8b51faf,1,runs/final_discovery_run_v1_review_candidates/USEFUL_SUBROUTINE_CANDIDATE/fdv1_public_probe_v1_002__qml-ebc2d8b51faf,DEMOTE_GENERIC,PASS,True,DIAGNOSTIC_ONLY,UNVERIFIED,BLACK_BOX_ASSUMPTION,BASELINE_UNVERIFIED,,S1_OUTPUT_RECOVERABILITY;S2_ACCESS_UPGRADE;S3_ORACLE_CONSTRUCTION;S4_BEST_BASELINE
qfam-1f9919dfec99,Time-Bounded A* (TBA*),amplitude_amplification,FULL_RESULT,coherent_boolean_oracle,UNSPECIFIED,fdv1_public_probe_v1_002__qml-1033ce4aa49f,runs/final_discovery_run_v1_review_candidates/USEFUL_SUBROUTINE_CANDIDATE/fdv1_public_probe_v1_002__qml-1033ce4aa49f,1,runs/final_discovery_run_v1_review_candidates/USEFUL_SUBROUTINE_CANDIDATE/fdv1_public_probe_v1_002__qml-1033ce4aa49f,DEMOTE_GENERIC,PASS,True,DIAGNOSTIC_ONLY,UNVERIFIED,BLACK_BOX_ASSUMPTION,BASELINE_UNVERIFIED,,S1_OUTPUT_RECOVERABILITY;S2_ACCESS_UPGRADE;S3_ORACLE_CONSTRUCTION;S4_BEST_BASELINE
qfam-22f2627c9945,Melhorn's Approximation algorithm,amplitude_estimation,SCALAR,coherent_estimation_oracle,explicit_numerical_problem,fdv1_public_probe_v1_001__qml-0de210dd1964,runs/final_discovery_run_v1_review_candidates/USEFUL_SUBROUTINE_CANDIDATE/fdv1_public_probe_v1_001__qml-0de210dd1964,1,runs/final_discovery_run_v1_review_candidates/USEFUL_SUBROUTINE_CANDIDATE/fdv1_public_probe_v1_001__qml-0de210dd1964,DEMOTE_GENERIC,PASS,True,EXACT_OUTPUT_MATCH,UNVERIFIED,BLACK_BOX_ASSUMPTION,BASELINE_UNVERIFIED,,S2_ACCESS_UPGRADE;S3_ORACLE_CONSTRUCTION;S4_BEST_BASELINE
qfam-25815e76aabe,Durstenfeld's Algorithm 235,amplitude_amplification,UNKNOWN,coherent_boolean_oracle,UNSPECIFIED,fdv1_public_probe_v1_007__qml-62bf0b6f9cbc,runs/final_discovery_run_v1_review_candidates/USEFUL_SUBROUTINE_CANDIDATE/fdv1_public_probe_v1_007__qml-62bf0b6f9cbc,1,runs/final_discovery_run_v1_review_candidates/USEFUL_SUBROUTINE_CANDIDATE/fdv1_public_probe_v1_007__qml-62bf0b6f9cbc,DEMOTE_GENERIC,PASS,True,UNKNOWN,UNVERIFIED,BLACK_BOX_ASSUMPTION,BASELINE_UNVERIFIED,,S1_OUTPUT_RECOVERABILITY;S2_ACCESS_UPGRADE;S3_ORACLE_CONSTRUCTION;S4_BEST_BASELINE
qfam-270923b3d8ba,Floyd's tortoise and hare algorithm,amplitude_amplification,UNKNOWN,coherent_boolean_oracle,UNSPECIFIED,fdv1_public_probe_v1_007__qml-ad481a44143d,runs/final_discovery_run_v1_review_candidates/USEFUL_SUBROUTINE_CANDIDATE/fdv1_public_probe_v1_007__qml-ad481a44143d,1,runs/final_discovery_run_v1_review_candidates/USEFUL_SUBROUTINE_CANDIDATE/fdv1_public_probe_v1_007__qml-ad481a44143d,DEMOTE_GENERIC,PASS,True,UNKNOWN,UNVERIFIED,BLACK_BOX_ASSUMPTION,BASELINE_UNVERIFIED,,S1_OUTPUT_RECOVERABILITY;S2_ACCESS_UPGRADE;S3_ORACLE_CONSTRUCTION;S4_BEST_BASELINE
qfam-29a4cacd5b2a,Naïve string-search algorithm,quantum_backtracking_tree_search,UNKNOWN,coherent_backtracking_tree_oracle,implicit_backtracking_tree_problem,fdv1_registry_v1_probes_001__qml-41f30dc34737,runs/final_discovery_run_v1_review_candidates/HIGH_PRIORITY_EXPERT_REVIEW/fdv1_registry_v1_probes_001__qml-41f30dc34737,1,runs/final_discovery_run_v1_review_candidates/HIGH_PRIORITY_EXPERT_REVIEW/fdv1_registry_v1_probes_001__qml-41f30dc34737,REFORMULATE,PASS,True,UNKNOWN,UNVERIFIED,BLACK_BOX_ASSUMPTION,BASELINE_UNVERIFIED,,S1_OUTPUT_RECOVERABILITY;S2_ACCESS_UPGRADE;S3_ORACLE_CONSTRUCTION;S4_BEST_BASELINE
qfam-29b2de433949,The (Hyperlink-Induced Topic Search) HITS Algorithm,amplitude_estimation,FULL_RESULT,coherent_estimation_oracle,explicit_graph_problem,fdv1_public_probe_v1_011__qml-ec35dfc437f4,runs/final_discovery_run_v1_review_candidates/USEFUL_SUBROUTINE_CANDIDATE/fdv1_public_probe_v1_011__qml-ec35dfc437f4,1,runs/final_discovery_run_v1_review_candidates/USEFUL_SUBROUTINE_CANDIDATE/fdv1_public_probe_v1_011__qml-ec35dfc437f4,DEMOTE_GENERIC,PASS,True,DIAGNOSTIC_ONLY,UNVERIFIED,BLACK_BOX_ASSUMPTION,BASELINE_UNVERIFIED,,S1_OUTPUT_RECOVERABILITY;S2_ACCESS_UPGRADE;S3_ORACLE_CONSTRUCTION;S4_BEST_BASELINE
qfam-2abadd66bdcc,Grigoryan,amplitude_amplification,UNKNOWN,coherent_boolean_oracle,UNSPECIFIED,fdv1_public_probe_v1_001__qml-638c0741ea6d,runs/final_discovery_run_v1_review_candidates/USEFUL_SUBROUTINE_CANDIDATE/fdv1_public_probe_v1_001__qml-638c0741ea6d,1,runs/final_discovery_run_v1_review_candidates/USEFUL_SUBROUTINE_CANDIDATE/fdv1_public_probe_v1_001__qml-638c0741ea6d,DEMOTE_GENERIC,PASS,True,UNKNOWN,UNVERIFIED,BLACK_BOX_ASSUMPTION,BASELINE_UNVERIFIED,,S1_OUTPUT_RECOVERABILITY;S2_ACCESS_UPGRADE;S3_ORACLE_CONSTRUCTION;S4_BEST_BASELINE
qfam-2ba17e6365b6,K. Mikolajczyk K. and C. Schmid LoG 2004,amplitude_estimation,FULL_RESULT,coherent_estimation_oracle,explicit_robotics_problem,fdv1_public_probe_v1_006__qml-043763ec639f,runs/final_discovery_run_v1_review_candidates/USEFUL_SUBROUTINE_CANDIDATE/fdv1_public_probe_v1_006__qml-043763ec639f,1,runs/final_discovery_run_v1_review_candidates/USEFUL_SUBROUTINE_CANDIDATE/fdv1_public_probe_v1_006__qml-043763ec639f,DEMOTE_GENERIC,PASS,True,DIAGNOSTIC_ONLY,UNVERIFIED,BLACK_BOX_ASSUMPTION,BASELINE_UNVERIFIED,,S1_OUTPUT_RECOVERABILITY;S2_ACCESS_UPGRADE;S3_ORACLE_CONSTRUCTION;S4_BEST_BASELINE
qfam-3b0f2d6121d3,Binary GCD algorithm,amplitude_amplification,UNKNOWN,coherent_boolean_oracle,UNSPECIFIED,fdv1_public_probe_v1_012__qml-c496ff8f3500,runs/final_discovery_run_v1_review_candidates/USEFUL_SUBROUTINE_CANDIDATE/fdv1_public_probe_v1_012__qml-c496ff8f3500,1,runs/final_discovery_run_v1_review_candidates/USEFUL_SUBROUTINE_CANDIDATE/fdv1_public_probe_v1_012__qml-c496ff8f3500,DEMOTE_GENERIC,PASS,True,UNKNOWN,UNVERIFIED,BLACK_BOX_ASSUMPTION,BASELINE_UNVERIFIED,,S1_OUTPUT_RECOVERABILITY;S2_ACCESS_UPGRADE;S3_ORACLE_CONSTRUCTION;S4_BEST_BASELINE
qfam-3df0181fbfd7,Ravikumar & Cohen Generative Models,quantum_walk_marked_vertex_search,UNKNOWN,coherent_markov_chain_walk_oracle,marked_markov_chain_search_problem,fdv1_registry_v1_probes_001__qml-919eae0c7381,runs/final_discovery_run_v1_review_candidates/HIGH_PRIORITY_EXPERT_REVIEW/fdv1_registry_v1_probes_001__qml-919eae0c7381,1,runs/final_discovery_run_v1_review_candidates/HIGH_PRIORITY_EXPERT_REVIEW/fdv1_registry_v1_probes_001__qml-919eae0c7381,REFORMULATE,PASS,True,UNKNOWN,UNVERIFIED,BLACK_BOX_ASSUMPTION,BASELINE_UNVERIFIED,,S1_OUTPUT_RECOVERABILITY;S2_ACCESS_UPGRADE;S3_ORACLE_CONSTRUCTION;S4_BEST_BASELINE
qfam-472512f2d0a5,Yao,quantum_minimum_finding,UNKNOWN,coherent_value_oracle,finite_candidate_set_problem,fdv1_registry_v1_probes_001__qml-de14d3e2dbe8,runs/final_discovery_run_v1_review_candidates/HIGH_PRIORITY_EXPERT_REVIEW/fdv1_registry_v1_probes_001__qml-de14d3e2dbe8,1,runs/final_discovery_run_v1_review_candidates/HIGH_PRIORITY_EXPERT_REVIEW/fdv1_registry_v1_probes_001__qml-de14d3e2dbe8,REFORMULATE,PASS,True,UNKNOWN,UNVERIFIED,BLACK_BOX_ASSUMPTION,BASELINE_UNVERIFIED,,S1_OUTPUT_RECOVERABILITY;S2_ACCESS_UPGRADE;S3_ORACLE_CONSTRUCTION;S4_BEST_BASELINE
qfam-4919300631c5,Durstenfeld's Algorithm 235,quantum_counting,UNKNOWN,coherent_boolean_oracle,marked_set_counting_problem,fdv1_registry_v1_probes_001__qml-547571efbd67,runs/final_discovery_run_v1_review_candidates/HIGH_PRIORITY_EXPERT_REVIEW/fdv1_registry_v1_probes_001__qml-547571efbd67,1,runs/final_discovery_run_v1_review_candidates/HIGH_PRIORITY_EXPERT_REVIEW/fdv1_registry_v1_probes_001__qml-547571efbd67,REFORMULATE,PASS,True,UNKNOWN,UNVERIFIED,BLACK_BOX_ASSUMPTION,BASELINE_UNVERIFIED,,S1_OUTPUT_RECOVERABILITY;S2_ACCESS_UPGRADE;S3_ORACLE_CONSTRUCTION;S4_BEST_BASELINE
qfam-49b1fbca15bd,Multilevel queue scheduling,amplitude_estimation,FULL_RESULT,coherent_estimation_oracle,explicit_optimization_problem,fdv1_public_probe_v1_012__qml-b1cb4fcc4c45,runs/final_discovery_run_v1_review_candidates/USEFUL_SUBROUTINE_CANDIDATE/fdv1_public_probe_v1_012__qml-b1cb4fcc4c45,1,runs/final_discovery_run_v1_review_candidates/USEFUL_SUBROUTINE_CANDIDATE/fdv1_public_probe_v1_012__qml-b1cb4fcc4c45,DEMOTE_GENERIC,PASS,True,DIAGNOSTIC_ONLY,UNVERIFIED,BLACK_BOX_ASSUMPTION,BASELINE_UNVERIFIED,,S1_OUTPUT_RECOVERABILITY;S2_ACCESS_UPGRADE;S3_ORACLE_CONSTRUCTION;S4_BEST_BASELINE
qfam-49e2dc6f0921,Grigoryan,quantum_counting,UNKNOWN,coherent_boolean_oracle,marked_set_counting_problem,fdv1_registry_v1_probes_001__qml-3b85ad6b5e41,runs/final_discovery_run_v1_review_candidates/HIGH_PRIORITY_EXPERT_REVIEW/fdv1_registry_v1_probes_001__qml-3b85ad6b5e41,1,runs/final_discovery_run_v1_review_candidates/HIGH_PRIORITY_EXPERT_REVIEW/fdv1_registry_v1_probes_001__qml-3b85ad6b5e41,REFORMULATE,PASS,True,UNKNOWN,UNVERIFIED,BLACK_BOX_ASSUMPTION,BASELINE_UNVERIFIED,,S1_OUTPUT_RECOVERABILITY;S2_ACCESS_UPGRADE;S3_ORACLE_CONSTRUCTION;S4_BEST_BASELINE
qfam-4f7e1c86b9c7,Hsu and Du (Scheme 2),amplitude_amplification,FULL_RESULT,coherent_boolean_oracle,UNSPECIFIED,fdv1_public_probe_v1_006__qml-1c24b53c20a8,runs/final_discovery_run_v1_review_candidates/USEFUL_SUBROUTINE_CANDIDATE/fdv1_public_probe_v1_006__qml-1c24b53c20a8,1,runs/final_discovery_run_v1_review_candidates/USEFUL_SUBROUTINE_CANDIDATE/fdv1_public_probe_v1_006__qml-1c24b53c20a8,DEMOTE_GENERIC,PASS,True,DIAGNOSTIC_ONLY,UNVERIFIED,BLACK_BOX_ASSUMPTION,BASELINE_UNVERIFIED,,S1_OUTPUT_RECOVERABILITY;S2_ACCESS_UPGRADE;S3_ORACLE_CONSTRUCTION;S4_BEST_BASELINE
qfam-4f8c55185b11,Pollard's p − 1 algorithm,amplitude_amplification,FULL_RESULT,coherent_boolean_oracle,UNSPECIFIED,fdv1_public_probe_v1_005__qml-276c2744a7ef,runs/final_discovery_run_v1_review_candidates/USEFUL_SUBROUTINE_CANDIDATE/fdv1_public_probe_v1_005__qml-276c2744a7ef,1,runs/final_discovery_run_v1_review_candidates/USEFUL_SUBROUTINE_CANDIDATE/fdv1_public_probe_v1_005__qml-276c2744a7ef,DEMOTE_GENERIC,PASS,True,DIAGNOSTIC_ONLY,UNVERIFIED,BLACK_BOX_ASSUMPTION,BASELINE_UNVERIFIED,,S1_OUTPUT_RECOVERABILITY;S2_ACCESS_UPGRADE;S3_ORACLE_CONSTRUCTION;S4_BEST_BASELINE
qfam-4ff443e8bc5a,Backward Non-Deterministic DAWG Matching (BNDM),amplitude_amplification,FULL_RESULT,coherent_boolean_oracle,UNSPECIFIED,fdv1_public_probe_v1_007__qml-9e274f22824a,runs/final_discovery_run_v1_review_candidates/USEFUL_SUBROUTINE_CANDIDATE/fdv1_public_probe_v1_007__qml-9e274f22824a,1,runs/final_discovery_run_v1_review_candidates/USEFUL_SUBROUTINE_CANDIDATE/fdv1_public_probe_v1_007__qml-9e274f22824a,DEMOTE_GENERIC,PASS,True,DIAGNOSTIC_ONLY,UNVERIFIED,BLACK_BOX_ASSUMPTION,BASELINE_UNVERIFIED,,S1_OUTPUT_RECOVERABILITY;S2_ACCESS_UPGRADE;S3_ORACLE_CONSTRUCTION;S4_BEST_BASELINE
qfam-51978b1cf1d8,Round-robin scheduling,amplitude_amplification,FULL_RESULT,coherent_boolean_oracle,UNSPECIFIED,fdv1_public_probe_v1_012__qml-3c6466d22848,runs/final_discovery_run_v1_review_candidates/USEFUL_SUBROUTINE_CANDIDATE/fdv1_public_probe_v1_012__qml-3c6466d22848,1,runs/final_discovery_run_v1_review_candidates/USEFUL_SUBROUTINE_CANDIDATE/fdv1_public_probe_v1_012__qml-3c6466d22848,DEMOTE_GENERIC,PASS,True,DIAGNOSTIC_ONLY,UNVERIFIED,BLACK_BOX_ASSUMPTION,BASELINE_UNVERIFIED,,S1_OUTPUT_RECOVERABILITY;S2_ACCESS_UPGRADE;S3_ORACLE_CONSTRUCTION;S4_BEST_BASELINE
qfam-5312da7a50a7,Round-robin scheduling,amplitude_estimation,FULL_RESULT,coherent_estimation_oracle,explicit_optimization_problem,fdv1_public_probe_v1_012__qml-3e1740755406,runs/final_discovery_run_v1_review_candidates/USEFUL_SUBROUTINE_CANDIDATE/fdv1_public_probe_v1_012__qml-3e1740755406,1,runs/final_discovery_run_v1_review_candidates/USEFUL_SUBROUTINE_CANDIDATE/fdv1_public_probe_v1_012__qml-3e1740755406,DEMOTE_GENERIC,PASS,True,DIAGNOSTIC_ONLY,UNVERIFIED,BLACK_BOX_ASSUMPTION,BASELINE_UNVERIFIED,,S1_OUTPUT_RECOVERABILITY;S2_ACCESS_UPGRADE;S3_ORACLE_CONSTRUCTION;S4_BEST_BASELINE
qfam-53e80b9d7f9a,Serang,quantum_counting,UNKNOWN,coherent_boolean_oracle,UNSPECIFIED,fdv1_registry_v1_probes_001__qml-1e5ca13af60a,runs/final_discovery_run_v1_review_candidates/HIGH_PRIORITY_EXPERT_REVIEW/fdv1_registry_v1_probes_001__qml-1e5ca13af60a,1,runs/final_discovery_run_v1_review_candidates/HIGH_PRIORITY_EXPERT_REVIEW/fdv1_registry_v1_probes_001__qml-1e5ca13af60a,REFORMULATE,PASS,True,UNKNOWN,UNVERIFIED,BLACK_BOX_ASSUMPTION,BASELINE_UNVERIFIED,,S1_OUTPUT_RECOVERABILITY;S2_ACCESS_UPGRADE;S3_ORACLE_CONSTRUCTION;S4_BEST_BASELINE
qfam-5a080a250200,String Graph (Myers),amplitude_estimation,FULL_RESULT,coherent_estimation_oracle,explicit_graph_problem,fdv1_public_probe_v1_009__qml-ad0d45466cab,runs/final_discovery_run_v1_review_candidates/USEFUL_SUBROUTINE_CANDIDATE/fdv1_public_probe_v1_009__qml-ad0d45466cab,1,runs/final_discovery_run_v1_review_candidates/USEFUL_SUBROUTINE_CANDIDATE/fdv1_public_probe_v1_009__qml-ad0d45466cab,DEMOTE_GENERIC,PASS,True,DIAGNOSTIC_ONLY,UNVERIFIED,BLACK_BOX_ASSUMPTION,BASELINE_UNVERIFIED,,S1_OUTPUT_RECOVERABILITY;S2_ACCESS_UPGRADE;S3_ORACLE_CONSTRUCTION;S4_BEST_BASELINE
qfam-5b4c5b8fb9e5,Koiliaris and Xu,quantum_walk_marked_vertex_search,DECISION,coherent_markov_chain_walk_oracle,marked_markov_chain_search_problem,fdv1_registry_v1_probes_001__qml-f87aca0b5474,runs/final_discovery_run_v1_review_candidates/HIGH_PRIORITY_EXPERT_REVIEW/fdv1_registry_v1_probes_001__qml-f87aca0b5474,1,runs/final_discovery_run_v1_review_candidates/HIGH_PRIORITY_EXPERT_REVIEW/fdv1_registry_v1_probes_001__qml-f87aca0b5474,REFORMULATE,PASS,True,DIAGNOSTIC_ONLY,UNVERIFIED,BLACK_BOX_ASSUMPTION,BASELINE_UNVERIFIED,,S1_OUTPUT_RECOVERABILITY;S2_ACCESS_UPGRADE;S3_ORACLE_CONSTRUCTION;S4_BEST_BASELINE
qfam-5f9bad923aee,HyperLogLog++,amplitude_estimation,SCALAR,coherent_estimation_oracle,explicit_numerical_problem,fdv1_public_probe_v1_008__qml-0f59c636f6b8,runs/final_discovery_run_v1_review_candidates/USEFUL_SUBROUTINE_CANDIDATE/fdv1_public_probe_v1_008__qml-0f59c636f6b8,1,runs/final_discovery_run_v1_review_candidates/USEFUL_SUBROUTINE_CANDIDATE/fdv1_public_probe_v1_008__qml-0f59c636f6b8,DEMOTE_GENERIC,PASS,True,EXACT_OUTPUT_MATCH,UNVERIFIED,BLACK_BOX_ASSUMPTION,BASELINE_UNVERIFIED,,S2_ACCESS_UPGRADE;S3_ORACLE_CONSTRUCTION;S4_BEST_BASELINE
qfam-61f1d12da71b,Block A*,amplitude_amplification,FULL_RESULT,coherent_boolean_oracle,UNSPECIFIED,fdv1_public_probe_v1_005__qml-58fbc0a2e2e0,runs/final_discovery_run_v1_review_candidates/USEFUL_SUBROUTINE_CANDIDATE/fdv1_public_probe_v1_005__qml-58fbc0a2e2e0,1,runs/final_discovery_run_v1_review_candidates/USEFUL_SUBROUTINE_CANDIDATE/fdv1_public_probe_v1_005__qml-58fbc0a2e2e0,DEMOTE_GENERIC,PASS,True,DIAGNOSTIC_ONLY,UNVERIFIED,BLACK_BOX_ASSUMPTION,BASELINE_UNVERIFIED,,S1_OUTPUT_RECOVERABILITY;S2_ACCESS_UPGRADE;S3_ORACLE_CONSTRUCTION;S4_BEST_BASELINE
qfam-633a905b22a9,Hierarchical Navigable Small World (HNSW),amplitude_amplification,FULL_RESULT,coherent_boolean_oracle,UNSPECIFIED,fdv1_public_probe_v1_001__qml-053332223827,runs/final_discovery_run_v1_review_candidates/USEFUL_SUBROUTINE_CANDIDATE/fdv1_public_probe_v1_001__qml-053332223827,1,runs/final_discovery_run_v1_review_candidates/USEFUL_SUBROUTINE_CANDIDATE/fdv1_public_probe_v1_001__qml-053332223827,DEMOTE_GENERIC,PASS,True,DIAGNOSTIC_ONLY,UNVERIFIED,BLACK_BOX_ASSUMPTION,BASELINE_UNVERIFIED,,S1_OUTPUT_RECOVERABILITY;S2_ACCESS_UPGRADE;S3_ORACLE_CONSTRUCTION;S4_BEST_BASELINE
qfam-64ae8dd6260a,Bellare Active Learning,amplitude_estimation,FULL_RESULT,coherent_estimation_oracle,explicit_graph_problem,fdv1_public_probe_v1_010__qml-35e465808032,runs/final_discovery_run_v1_review_candidates/USEFUL_SUBROUTINE_CANDIDATE/fdv1_public_probe_v1_010__qml-35e465808032,1,runs/final_discovery_run_v1_review_candidates/USEFUL_SUBROUTINE_CANDIDATE/fdv1_public_probe_v1_010__qml-35e465808032,DEMOTE_GENERIC,PASS,True,DIAGNOSTIC_ONLY,UNVERIFIED,BLACK_BOX_ASSUMPTION,BASELINE_UNVERIFIED,,S1_OUTPUT_RECOVERABILITY;S2_ACCESS_UPGRADE;S3_ORACLE_CONSTRUCTION;S4_BEST_BASELINE
qfam-65884f662392,Method of Four Russians,amplitude_amplification,FULL_RESULT,coherent_boolean_oracle,UNSPECIFIED,fdv1_public_probe_v1_012__qml-1fa8daa0e285,runs/final_discovery_run_v1_review_candidates/USEFUL_SUBROUTINE_CANDIDATE/fdv1_public_probe_v1_012__qml-1fa8daa0e285,1,runs/final_discovery_run_v1_review_candidates/USEFUL_SUBROUTINE_CANDIDATE/fdv1_public_probe_v1_012__qml-1fa8daa0e285,DEMOTE_GENERIC,PASS,True,DIAGNOSTIC_ONLY,UNVERIFIED,BLACK_BOX_ASSUMPTION,BASELINE_UNVERIFIED,,S1_OUTPUT_RECOVERABILITY;S2_ACCESS_UPGRADE;S3_ORACLE_CONSTRUCTION;S4_BEST_BASELINE
qfam-677f6ee26094,O(n^3) Dynamic Programming,amplitude_amplification,FULL_RESULT,coherent_boolean_oracle,UNSPECIFIED,fdv1_public_probe_v1_012__qml-4585c9bdb403,runs/final_discovery_run_v1_review_candidates/USEFUL_SUBROUTINE_CANDIDATE/fdv1_public_probe_v1_012__qml-4585c9bdb403,1,runs/final_discovery_run_v1_review_candidates/USEFUL_SUBROUTINE_CANDIDATE/fdv1_public_probe_v1_012__qml-4585c9bdb403,DEMOTE_GENERIC,PASS,True,DIAGNOSTIC_ONLY,UNVERIFIED,BLACK_BOX_ASSUMPTION,BASELINE_UNVERIFIED,,S1_OUTPUT_RECOVERABILITY;S2_ACCESS_UPGRADE;S3_ORACLE_CONSTRUCTION;S4_BEST_BASELINE
qfam-6aa1682ec747,Dekel Nassimi & Sahni Parallel Implementation,amplitude_amplification,FULL_RESULT,coherent_boolean_oracle,explicit_graph_problem,fdv1_public_probe_v1_008__qml-42174647732d,runs/final_discovery_run_v1_review_candidates/USEFUL_SUBROUTINE_CANDIDATE/fdv1_public_probe_v1_008__qml-42174647732d,1,runs/final_discovery_run_v1_review_candidates/USEFUL_SUBROUTINE_CANDIDATE/fdv1_public_probe_v1_008__qml-42174647732d,DEMOTE_GENERIC,PASS,True,DIAGNOSTIC_ONLY,UNVERIFIED,BLACK_BOX_ASSUMPTION,BASELINE_UNVERIFIED,,S1_OUTPUT_RECOVERABILITY;S2_ACCESS_UPGRADE;S3_ORACLE_CONSTRUCTION;S4_BEST_BASELINE
qfam-6b39cfa4c03d,de Prisco,amplitude_estimation,SCALAR,coherent_estimation_oracle,explicit_numerical_problem,fdv1_public_probe_v1_007__qml-e60f32f76875,runs/final_discovery_run_v1_review_candidates/USEFUL_SUBROUTINE_CANDIDATE/fdv1_public_probe_v1_007__qml-e60f32f76875,1,runs/final_discovery_run_v1_review_candidates/USEFUL_SUBROUTINE_CANDIDATE/fdv1_public_probe_v1_007__qml-e60f32f76875,DEMOTE_GENERIC,PASS,True,EXACT_OUTPUT_MATCH,UNVERIFIED,BLACK_BOX_ASSUMPTION,BASELINE_UNVERIFIED,,S2_ACCESS_UPGRADE;S3_ORACLE_CONSTRUCTION;S4_BEST_BASELINE
qfam-72e53ce4201e,Pisinger,quantum_counting,UNKNOWN,coherent_boolean_oracle,UNSPECIFIED,fdv1_registry_v1_probes_001__qml-f3ad117fc69e,runs/final_discovery_run_v1_review_candidates/HIGH_PRIORITY_EXPERT_REVIEW/fdv1_registry_v1_probes_001__qml-f3ad117fc69e,1,runs/final_discovery_run_v1_review_candidates/HIGH_PRIORITY_EXPERT_REVIEW/fdv1_registry_v1_probes_001__qml-f3ad117fc69e,REFORMULATE,PASS,True,UNKNOWN,UNVERIFIED,BLACK_BOX_ASSUMPTION,BASELINE_UNVERIFIED,,S1_OUTPUT_RECOVERABILITY;S2_ACCESS_UPGRADE;S3_ORACLE_CONSTRUCTION;S4_BEST_BASELINE
qfam-73a2956cf18c,Brent's algorithm,amplitude_amplification,UNKNOWN,coherent_boolean_oracle,UNSPECIFIED,fdv1_public_probe_v1_007__qml-6d40f7f4d68d,runs/final_discovery_run_v1_review_candidates/USEFUL_SUBROUTINE_CANDIDATE/fdv1_public_probe_v1_007__qml-6d40f7f4d68d,1,runs/final_discovery_run_v1_review_candidates/USEFUL_SUBROUTINE_CANDIDATE/fdv1_public_probe_v1_007__qml-6d40f7f4d68d,DEMOTE_GENERIC,PASS,True,UNKNOWN,UNVERIFIED,BLACK_BOX_ASSUMPTION,BASELINE_UNVERIFIED,,S1_OUTPUT_RECOVERABILITY;S2_ACCESS_UPGRADE;S3_ORACLE_CONSTRUCTION;S4_BEST_BASELINE
qfam-75ff9fd0d415,Faaland,amplitude_amplification,UNKNOWN,coherent_boolean_oracle,UNSPECIFIED,fdv1_public_probe_v1_001__qml-f25f6f02d2c4,runs/final_discovery_run_v1_review_candidates/USEFUL_SUBROUTINE_CANDIDATE/fdv1_public_probe_v1_001__qml-f25f6f02d2c4,1,runs/final_discovery_run_v1_review_candidates/USEFUL_SUBROUTINE_CANDIDATE/fdv1_public_probe_v1_001__qml-f25f6f02d2c4,DEMOTE_GENERIC,PASS,True,UNKNOWN,UNVERIFIED,BLACK_BOX_ASSUMPTION,BASELINE_UNVERIFIED,,S1_OUTPUT_RECOVERABILITY;S2_ACCESS_UPGRADE;S3_ORACLE_CONSTRUCTION;S4_BEST_BASELINE
qfam-78ab0e127fcd,Jump Point Search (JPS),amplitude_amplification,FULL_RESULT,coherent_boolean_oracle,UNSPECIFIED,fdv1_public_probe_v1_001__qml-d1f7adead509,runs/final_discovery_run_v1_review_candidates/USEFUL_SUBROUTINE_CANDIDATE/fdv1_public_probe_v1_001__qml-d1f7adead509,1,runs/final_discovery_run_v1_review_candidates/USEFUL_SUBROUTINE_CANDIDATE/fdv1_public_probe_v1_001__qml-d1f7adead509,DEMOTE_GENERIC,PASS,True,DIAGNOSTIC_ONLY,UNVERIFIED,BLACK_BOX_ASSUMPTION,BASELINE_UNVERIFIED,,S1_OUTPUT_RECOVERABILITY;S2_ACCESS_UPGRADE;S3_ORACLE_CONSTRUCTION;S4_BEST_BASELINE
qfam-7f74db38a72d,Lifelong Planning A* (LPA*),amplitude_amplification,FULL_RESULT,coherent_boolean_oracle,UNSPECIFIED,fdv1_public_probe_v1_001__qml-e38e3a81de5e,runs/final_discovery_run_v1_review_candidates/USEFUL_SUBROUTINE_CANDIDATE/fdv1_public_probe_v1_001__qml-e38e3a81de5e,1,runs/final_discovery_run_v1_review_candidates/USEFUL_SUBROUTINE_CANDIDATE/fdv1_public_probe_v1_001__qml-e38e3a81de5e,DEMOTE_GENERIC,PASS,True,DIAGNOSTIC_ONLY,UNVERIFIED,BLACK_BOX_ASSUMPTION,BASELINE_UNVERIFIED,,S1_OUTPUT_RECOVERABILITY;S2_ACCESS_UPGRADE;S3_ORACLE_CONSTRUCTION;S4_BEST_BASELINE
qfam-80c246b343a0,Randomized LU Decomposition,amplitude_estimation,FULL_RESULT,coherent_estimation_oracle,explicit_matrix_problem,fdv1_public_probe_v1_005__qml-2c77afb01589,runs/final_discovery_run_v1_review_candidates/USEFUL_SUBROUTINE_CANDIDATE/fdv1_public_probe_v1_005__qml-2c77afb01589,1,runs/final_discovery_run_v1_review_candidates/USEFUL_SUBROUTINE_CANDIDATE/fdv1_public_probe_v1_005__qml-2c77afb01589,DEMOTE_GENERIC,PASS,True,DIAGNOSTIC_ONLY,UNVERIFIED,BLACK_BOX_ASSUMPTION,BASELINE_UNVERIFIED,,S1_OUTPUT_RECOVERABILITY;S2_ACCESS_UPGRADE;S3_ORACLE_CONSTRUCTION;S4_BEST_BASELINE
qfam-8328500e5e4f,Generalized Adaptive A* (GAA*),amplitude_amplification,FULL_RESULT,coherent_boolean_oracle,UNSPECIFIED,fdv1_public_probe_v1_001__qml-bc30f499e4d9,runs/final_discovery_run_v1_review_candidates/USEFUL_SUBROUTINE_CANDIDATE/fdv1_public_probe_v1_001__qml-bc30f499e4d9,1,runs/final_discovery_run_v1_review_candidates/USEFUL_SUBROUTINE_CANDIDATE/fdv1_public_probe_v1_001__qml-bc30f499e4d9,DEMOTE_GENERIC,PASS,True,DIAGNOSTIC_ONLY,UNVERIFIED,BLACK_BOX_ASSUMPTION,BASELINE_UNVERIFIED,,S1_OUTPUT_RECOVERABILITY;S2_ACCESS_UPGRADE;S3_ORACLE_CONSTRUCTION;S4_BEST_BASELINE
qfam-83c8a0d41a5a,Fringe Saving A* (FSA*),amplitude_amplification,FULL_RESULT,coherent_boolean_oracle,UNSPECIFIED,fdv1_public_probe_v1_001__qml-d83c1088dc68,runs/final_discovery_run_v1_review_candidates/USEFUL_SUBROUTINE_CANDIDATE/fdv1_public_probe_v1_001__qml-d83c1088dc68,1,runs/final_discovery_run_v1_review_candidates/USEFUL_SUBROUTINE_CANDIDATE/fdv1_public_probe_v1_001__qml-d83c1088dc68,DEMOTE_GENERIC,PASS,True,DIAGNOSTIC_ONLY,UNVERIFIED,BLACK_BOX_ASSUMPTION,BASELINE_UNVERIFIED,,S1_OUTPUT_RECOVERABILITY;S2_ACCESS_UPGRADE;S3_ORACLE_CONSTRUCTION;S4_BEST_BASELINE
qfam-83f9637d4b24,ECK M. DEROSE T. DUCHAMP T. 1995,amplitude_amplification,FULL_RESULT,coherent_boolean_oracle,UNSPECIFIED,fdv1_public_probe_v1_010__qml-468a39df13f5,runs/final_discovery_run_v1_review_candidates/USEFUL_SUBROUTINE_CANDIDATE/fdv1_public_probe_v1_010__qml-468a39df13f5,1,runs/final_discovery_run_v1_review_candidates/USEFUL_SUBROUTINE_CANDIDATE/fdv1_public_probe_v1_010__qml-468a39df13f5,DEMOTE_GENERIC,PASS,True,DIAGNOSTIC_ONLY,UNVERIFIED,BLACK_BOX_ASSUMPTION,BASELINE_UNVERIFIED,,S1_OUTPUT_RECOVERABILITY;S2_ACCESS_UPGRADE;S3_ORACLE_CONSTRUCTION;S4_BEST_BASELINE
qfam-862ad672310e,Koiliaris and Xu,quantum_counting,UNKNOWN,coherent_boolean_oracle,marked_set_counting_problem,fdv1_registry_v1_probes_001__qml-6313da6094f1,runs/final_discovery_run_v1_review_candidates/HIGH_PRIORITY_EXPERT_REVIEW/fdv1_registry_v1_probes_001__qml-6313da6094f1,1,runs/final_discovery_run_v1_review_candidates/HIGH_PRIORITY_EXPERT_REVIEW/fdv1_registry_v1_probes_001__qml-6313da6094f1,REFORMULATE,PASS,True,UNKNOWN,UNVERIFIED,BLACK_BOX_ASSUMPTION,BASELINE_UNVERIFIED,,S1_OUTPUT_RECOVERABILITY;S2_ACCESS_UPGRADE;S3_ORACLE_CONSTRUCTION;S4_BEST_BASELINE
qfam-867701a2abc6,Chin and Poon,amplitude_amplification,FULL_RESULT,coherent_boolean_oracle,UNSPECIFIED,fdv1_public_probe_v1_006__qml-87771da660dc,runs/final_discovery_run_v1_review_candidates/USEFUL_SUBROUTINE_CANDIDATE/fdv1_public_probe_v1_006__qml-87771da660dc,1,runs/final_discovery_run_v1_review_candidates/USEFUL_SUBROUTINE_CANDIDATE/fdv1_public_probe_v1_006__qml-87771da660dc,DEMOTE_GENERIC,PASS,True,DIAGNOSTIC_ONLY,UNVERIFIED,BLACK_BOX_ASSUMPTION,BASELINE_UNVERIFIED,,S1_OUTPUT_RECOVERABILITY;S2_ACCESS_UPGRADE;S3_ORACLE_CONSTRUCTION;S4_BEST_BASELINE
qfam-87083b82a2be,Bellare Active Learning,quantum_backtracking_tree_search,UNKNOWN,coherent_backtracking_tree_oracle,implicit_backtracking_tree_problem,fdv1_registry_v1_probes_001__qml-a42d55da2417,runs/final_discovery_run_v1_review_candidates/HIGH_PRIORITY_EXPERT_REVIEW/fdv1_registry_v1_probes_001__qml-a42d55da2417,1,runs/final_discovery_run_v1_review_candidates/HIGH_PRIORITY_EXPERT_REVIEW/fdv1_registry_v1_probes_001__qml-a42d55da2417,REFORMULATE,PASS,True,UNKNOWN,UNVERIFIED,BLACK_BOX_ASSUMPTION,BASELINE_UNVERIFIED,,S1_OUTPUT_RECOVERABILITY;S2_ACCESS_UPGRADE;S3_ORACLE_CONSTRUCTION;S4_BEST_BASELINE
qfam-8a9939b72a93,Dynamic Programming,amplitude_amplification,FULL_RESULT,coherent_boolean_oracle,UNSPECIFIED,fdv1_public_probe_v1_002__qml-55ae9f36e70e,runs/final_discovery_run_v1_review_candidates/USEFUL_SUBROUTINE_CANDIDATE/fdv1_public_probe_v1_002__qml-55ae9f36e70e,2,runs/final_discovery_run_v1_review_candidates/USEFUL_SUBROUTINE_CANDIDATE/fdv1_public_probe_v1_002__qml-55ae9f36e70e;runs/final_discovery_run_v1_review_candidates/USEFUL_SUBROUTINE_CANDIDATE/fdv1_public_probe_v1_002__qml-d40949c06bd7,DEMOTE_GENERIC,PASS,True,DIAGNOSTIC_ONLY,UNVERIFIED,BLACK_BOX_ASSUMPTION,BASELINE_UNVERIFIED,,S1_OUTPUT_RECOVERABILITY;S2_ACCESS_UPGRADE;S3_ORACLE_CONSTRUCTION;S4_BEST_BASELINE
qfam-8ea07d5bb023,Serang,quantum_counting,UNKNOWN,coherent_boolean_oracle,marked_set_counting_problem,fdv1_registry_v1_probes_001__qml-0f7abfaec10d,runs/final_discovery_run_v1_review_candidates/HIGH_PRIORITY_EXPERT_REVIEW/fdv1_registry_v1_probes_001__qml-0f7abfaec10d,1,runs/final_discovery_run_v1_review_candidates/HIGH_PRIORITY_EXPERT_REVIEW/fdv1_registry_v1_probes_001__qml-0f7abfaec10d,REFORMULATE,PASS,True,UNKNOWN,UNVERIFIED,BLACK_BOX_ASSUMPTION,BASELINE_UNVERIFIED,,S1_OUTPUT_RECOVERABILITY;S2_ACCESS_UPGRADE;S3_ORACLE_CONSTRUCTION;S4_BEST_BASELINE
qfam-8ecb17fd0820,Bellman–Ford algorithm (Dantzig 1960),amplitude_amplification,FULL_RESULT,coherent_boolean_oracle,UNSPECIFIED,fdv1_public_probe_v1_004__qml-ba3955603f1d,runs/final_discovery_run_v1_review_candidates/USEFUL_SUBROUTINE_CANDIDATE/fdv1_public_probe_v1_004__qml-ba3955603f1d,1,runs/final_discovery_run_v1_review_candidates/USEFUL_SUBROUTINE_CANDIDATE/fdv1_public_probe_v1_004__qml-ba3955603f1d,DEMOTE_GENERIC,PASS,True,DIAGNOSTIC_ONLY,UNVERIFIED,BLACK_BOX_ASSUMPTION,BASELINE_UNVERIFIED,,S1_OUTPUT_RECOVERABILITY;S2_ACCESS_UPGRADE;S3_ORACLE_CONSTRUCTION;S4_BEST_BASELINE
qfam-90569912bb9c,Bidirectional A* Algorithm,amplitude_amplification,FULL_RESULT,coherent_boolean_oracle,UNSPECIFIED,fdv1_public_probe_v1_001__qml-c48b763f39fb,runs/final_discovery_run_v1_review_candidates/USEFUL_SUBROUTINE_CANDIDATE/fdv1_public_probe_v1_001__qml-c48b763f39fb,1,runs/final_discovery_run_v1_review_candidates/USEFUL_SUBROUTINE_CANDIDATE/fdv1_public_probe_v1_001__qml-c48b763f39fb,DEMOTE_GENERIC,PASS,True,DIAGNOSTIC_ONLY,UNVERIFIED,BLACK_BOX_ASSUMPTION,BASELINE_UNVERIFIED,,S1_OUTPUT_RECOVERABILITY;S2_ACCESS_UPGRADE;S3_ORACLE_CONSTRUCTION;S4_BEST_BASELINE
qfam-9901b0751a25,Randomized HITS,amplitude_estimation,SCALAR,coherent_estimation_oracle,explicit_numerical_problem,fdv1_public_probe_v1_011__qml-de56d65a170f,runs/final_discovery_run_v1_review_candidates/USEFUL_SUBROUTINE_CANDIDATE/fdv1_public_probe_v1_011__qml-de56d65a170f,1,runs/final_discovery_run_v1_review_candidates/USEFUL_SUBROUTINE_CANDIDATE/fdv1_public_probe_v1_011__qml-de56d65a170f,DEMOTE_GENERIC,PASS,True,EXACT_OUTPUT_MATCH,UNVERIFIED,BLACK_BOX_ASSUMPTION,BASELINE_UNVERIFIED,,S2_ACCESS_UPGRADE;S3_ORACLE_CONSTRUCTION;S4_BEST_BASELINE
qfam-a13490e526bf,Randomized HITS,quantum_backtracking_tree_search,UNKNOWN,coherent_backtracking_tree_oracle,implicit_backtracking_tree_problem,fdv1_registry_v1_probes_001__qml-7a62c762abb4,runs/final_discovery_run_v1_review_candidates/HIGH_PRIORITY_EXPERT_REVIEW/fdv1_registry_v1_probes_001__qml-7a62c762abb4,1,runs/final_discovery_run_v1_review_candidates/HIGH_PRIORITY_EXPERT_REVIEW/fdv1_registry_v1_probes_001__qml-7a62c762abb4,REFORMULATE,PASS,True,UNKNOWN,UNVERIFIED,BLACK_BOX_ASSUMPTION,BASELINE_UNVERIFIED,,S1_OUTPUT_RECOVERABILITY;S2_ACCESS_UPGRADE;S3_ORACLE_CONSTRUCTION;S4_BEST_BASELINE
qfam-a159e69a10e3,Two-way String-Matching Algorithm,quantum_backtracking_tree_search,UNKNOWN,coherent_backtracking_tree_oracle,implicit_backtracking_tree_problem,fdv1_registry_v1_probes_001__qml-ebfdcf90eb0c,runs/final_discovery_run_v1_review_candidates/HIGH_PRIORITY_EXPERT_REVIEW/fdv1_registry_v1_probes_001__qml-ebfdcf90eb0c,1,runs/final_discovery_run_v1_review_candidates/HIGH_PRIORITY_EXPERT_REVIEW/fdv1_registry_v1_probes_001__qml-ebfdcf90eb0c,REFORMULATE,PASS,True,UNKNOWN,UNVERIFIED,BLACK_BOX_ASSUMPTION,BASELINE_UNVERIFIED,,S1_OUTPUT_RECOVERABILITY;S2_ACCESS_UPGRADE;S3_ORACLE_CONSTRUCTION;S4_BEST_BASELINE
qfam-a5e4963fd31a,Hierarchical Navigable Small World (HNSW),quantum_minimum_finding,UNKNOWN,coherent_value_oracle,finite_candidate_set_problem,fdv1_registry_v1_probes_001__qml-d7e1a85c0563,runs/final_discovery_run_v1_review_candidates/HIGH_PRIORITY_EXPERT_REVIEW/fdv1_registry_v1_probes_001__qml-d7e1a85c0563,1,runs/final_discovery_run_v1_review_candidates/HIGH_PRIORITY_EXPERT_REVIEW/fdv1_registry_v1_probes_001__qml-d7e1a85c0563,REFORMULATE,PASS,True,UNKNOWN,UNVERIFIED,BLACK_BOX_ASSUMPTION,BASELINE_UNVERIFIED,,S1_OUTPUT_RECOVERABILITY;S2_ACCESS_UPGRADE;S3_ORACLE_CONSTRUCTION;S4_BEST_BASELINE
qfam-a83f3d419834,Serang,quantum_walk_marked_vertex_search,UNKNOWN,coherent_markov_chain_walk_oracle,marked_markov_chain_search_problem,fdv1_registry_v1_probes_001__qml-26c574ba04a8,runs/final_discovery_run_v1_review_candidates/HIGH_PRIORITY_EXPERT_REVIEW/fdv1_registry_v1_probes_001__qml-26c574ba04a8,1,runs/final_discovery_run_v1_review_candidates/HIGH_PRIORITY_EXPERT_REVIEW/fdv1_registry_v1_probes_001__qml-26c574ba04a8,REFORMULATE,PASS,True,UNKNOWN,UNVERIFIED,BLACK_BOX_ASSUMPTION,BASELINE_UNVERIFIED,,S1_OUTPUT_RECOVERABILITY;S2_ACCESS_UPGRADE;S3_ORACLE_CONSTRUCTION;S4_BEST_BASELINE
qfam-a8ccdca432a8,Expectation conditional maximization (ECM),amplitude_estimation,FULL_RESULT,coherent_estimation_oracle,explicit_graph_problem,fdv1_public_probe_v1_008__qml-b03af0023100,runs/final_discovery_run_v1_review_candidates/USEFUL_SUBROUTINE_CANDIDATE/fdv1_public_probe_v1_008__qml-b03af0023100,1,runs/final_discovery_run_v1_review_candidates/USEFUL_SUBROUTINE_CANDIDATE/fdv1_public_probe_v1_008__qml-b03af0023100,DEMOTE_GENERIC,PASS,True,DIAGNOSTIC_ONLY,UNVERIFIED,BLACK_BOX_ASSUMPTION,BASELINE_UNVERIFIED,,S1_OUTPUT_RECOVERABILITY;S2_ACCESS_UPGRADE;S3_ORACLE_CONSTRUCTION;S4_BEST_BASELINE
qfam-aa58b4bcf18b,Priority scheduling,amplitude_amplification,FULL_RESULT,coherent_boolean_oracle,UNSPECIFIED,fdv1_public_probe_v1_012__qml-b4fa9173deee,runs/final_discovery_run_v1_review_candidates/USEFUL_SUBROUTINE_CANDIDATE/fdv1_public_probe_v1_012__qml-b4fa9173deee,1,runs/final_discovery_run_v1_review_candidates/USEFUL_SUBROUTINE_CANDIDATE/fdv1_public_probe_v1_012__qml-b4fa9173deee,DEMOTE_GENERIC,PASS,True,DIAGNOSTIC_ONLY,UNVERIFIED,BLACK_BOX_ASSUMPTION,BASELINE_UNVERIFIED,,S1_OUTPUT_RECOVERABILITY;S2_ACCESS_UPGRADE;S3_ORACLE_CONSTRUCTION;S4_BEST_BASELINE
qfam-aae680a4bc79,Dijkstra's algorithm with list (Whiting & Hillier 1960),amplitude_amplification,FULL_RESULT,coherent_boolean_oracle,UNSPECIFIED,fdv1_public_probe_v1_004__qml-94ca5a04cff0,runs/final_discovery_run_v1_review_candidates/USEFUL_SUBROUTINE_CANDIDATE/fdv1_public_probe_v1_004__qml-94ca5a04cff0,1,runs/final_discovery_run_v1_review_candidates/USEFUL_SUBROUTINE_CANDIDATE/fdv1_public_probe_v1_004__qml-94ca5a04cff0,DEMOTE_GENERIC,PASS,True,DIAGNOSTIC_ONLY,UNVERIFIED,BLACK_BOX_ASSUMPTION,BASELINE_UNVERIFIED,,S1_OUTPUT_RECOVERABILITY;S2_ACCESS_UPGRADE;S3_ORACLE_CONSTRUCTION;S4_BEST_BASELINE
qfam-af7013aae1b1,Lowe’s Algorithm,amplitude_amplification,FULL_RESULT,coherent_boolean_oracle,UNSPECIFIED,fdv1_public_probe_v1_004__qml-fa42820debee,runs/final_discovery_run_v1_review_candidates/USEFUL_SUBROUTINE_CANDIDATE/fdv1_public_probe_v1_004__qml-fa42820debee,1,runs/final_discovery_run_v1_review_candidates/USEFUL_SUBROUTINE_CANDIDATE/fdv1_public_probe_v1_004__qml-fa42820debee,DEMOTE_GENERIC,PASS,True,DIAGNOSTIC_ONLY,UNVERIFIED,BLACK_BOX_ASSUMPTION,BASELINE_UNVERIFIED,,S1_OUTPUT_RECOVERABILITY;S2_ACCESS_UPGRADE;S3_ORACLE_CONSTRUCTION;S4_BEST_BASELINE
qfam-b272a55ffe13,EKF SLAM,amplitude_estimation,FULL_RESULT,coherent_estimation_oracle,explicit_robotics_problem,fdv1_public_probe_v1_003__qml-49accd51190e,runs/final_discovery_run_v1_review_candidates/USEFUL_SUBROUTINE_CANDIDATE/fdv1_public_probe_v1_003__qml-49accd51190e,1,runs/final_discovery_run_v1_review_candidates/USEFUL_SUBROUTINE_CANDIDATE/fdv1_public_probe_v1_003__qml-49accd51190e,DEMOTE_GENERIC,PASS,True,DIAGNOSTIC_ONLY,UNVERIFIED,BLACK_BOX_ASSUMPTION,BASELINE_UNVERIFIED,,S1_OUTPUT_RECOVERABILITY;S2_ACCESS_UPGRADE;S3_ORACLE_CONSTRUCTION;S4_BEST_BASELINE
qfam-b305a5c88b79,Faaland,quantum_counting,UNKNOWN,coherent_boolean_oracle,UNSPECIFIED,fdv1_registry_v1_probes_001__qml-619851a49d0d,runs/final_discovery_run_v1_review_candidates/HIGH_PRIORITY_EXPERT_REVIEW/fdv1_registry_v1_probes_001__qml-619851a49d0d,1,runs/final_discovery_run_v1_review_candidates/HIGH_PRIORITY_EXPERT_REVIEW/fdv1_registry_v1_probes_001__qml-619851a49d0d,REFORMULATE,PASS,True,UNKNOWN,UNVERIFIED,BLACK_BOX_ASSUMPTION,BASELINE_UNVERIFIED,,S1_OUTPUT_RECOVERABILITY;S2_ACCESS_UPGRADE;S3_ORACLE_CONSTRUCTION;S4_BEST_BASELINE
qfam-b6122bc75fbd,Bailey TL Elkan C MEME,amplitude_estimation,FULL_RESULT,coherent_estimation_oracle,explicit_string_problem,fdv1_public_probe_v1_011__qml-1f0a24543a35,runs/final_discovery_run_v1_review_candidates/USEFUL_SUBROUTINE_CANDIDATE/fdv1_public_probe_v1_011__qml-1f0a24543a35,1,runs/final_discovery_run_v1_review_candidates/USEFUL_SUBROUTINE_CANDIDATE/fdv1_public_probe_v1_011__qml-1f0a24543a35,DEMOTE_GENERIC,PASS,True,DIAGNOSTIC_ONLY,UNVERIFIED,BLACK_BOX_ASSUMPTION,BASELINE_UNVERIFIED,,S1_OUTPUT_RECOVERABILITY;S2_ACCESS_UPGRADE;S3_ORACLE_CONSTRUCTION;S4_BEST_BASELINE
qfam-b617282039f6,Yao,amplitude_amplification,FULL_RESULT,coherent_boolean_oracle,UNSPECIFIED,fdv1_public_probe_v1_007__qml-fc17896e566e,runs/final_discovery_run_v1_review_candidates/USEFUL_SUBROUTINE_CANDIDATE/fdv1_public_probe_v1_007__qml-fc17896e566e,1,runs/final_discovery_run_v1_review_candidates/USEFUL_SUBROUTINE_CANDIDATE/fdv1_public_probe_v1_007__qml-fc17896e566e,DEMOTE_GENERIC,PASS,True,DIAGNOSTIC_ONLY,UNVERIFIED,BLACK_BOX_ASSUMPTION,BASELINE_UNVERIFIED,,S1_OUTPUT_RECOVERABILITY;S2_ACCESS_UPGRADE;S3_ORACLE_CONSTRUCTION;S4_BEST_BASELINE
qfam-b93a6bec5c33,Clock-sampling mutual network synchronization,amplitude_estimation,SCALAR,coherent_estimation_oracle,explicit_numerical_problem,fdv1_public_probe_v1_011__qml-139908431edc,runs/final_discovery_run_v1_review_candidates/USEFUL_SUBROUTINE_CANDIDATE/fdv1_public_probe_v1_011__qml-139908431edc,1,runs/final_discovery_run_v1_review_candidates/USEFUL_SUBROUTINE_CANDIDATE/fdv1_public_probe_v1_011__qml-139908431edc,DEMOTE_GENERIC,PASS,True,EXACT_OUTPUT_MATCH,UNVERIFIED,BLACK_BOX_ASSUMPTION,BASELINE_UNVERIFIED,,S2_ACCESS_UPGRADE;S3_ORACLE_CONSTRUCTION;S4_BEST_BASELINE
qfam-c3ea5e3d5e38,Nivasch,amplitude_amplification,UNKNOWN,coherent_boolean_oracle,UNSPECIFIED,fdv1_public_probe_v1_001__qml-051233347a5d,runs/final_discovery_run_v1_review_candidates/USEFUL_SUBROUTINE_CANDIDATE/fdv1_public_probe_v1_001__qml-051233347a5d,1,runs/final_discovery_run_v1_review_candidates/USEFUL_SUBROUTINE_CANDIDATE/fdv1_public_probe_v1_001__qml-051233347a5d,DEMOTE_GENERIC,PASS,True,UNKNOWN,UNVERIFIED,BLACK_BOX_ASSUMPTION,BASELINE_UNVERIFIED,,S1_OUTPUT_RECOVERABILITY;S2_ACCESS_UPGRADE;S3_ORACLE_CONSTRUCTION;S4_BEST_BASELINE
qfam-c47aad796a46,BOM (Backward Oracle Matching),amplitude_amplification,FULL_RESULT,coherent_boolean_oracle,UNSPECIFIED,fdv1_public_probe_v1_007__qml-f65645352801,runs/final_discovery_run_v1_review_candidates/USEFUL_SUBROUTINE_CANDIDATE/fdv1_public_probe_v1_007__qml-f65645352801,1,runs/final_discovery_run_v1_review_candidates/USEFUL_SUBROUTINE_CANDIDATE/fdv1_public_probe_v1_007__qml-f65645352801,DEMOTE_GENERIC,PASS,True,DIAGNOSTIC_ONLY,UNVERIFIED,BLACK_BOX_ASSUMPTION,BASELINE_UNVERIFIED,,S1_OUTPUT_RECOVERABILITY;S2_ACCESS_UPGRADE;S3_ORACLE_CONSTRUCTION;S4_BEST_BASELINE
qfam-c72228250996,MotifSampler,amplitude_estimation,FULL_RESULT,coherent_estimation_oracle,explicit_string_problem,fdv1_public_probe_v1_001__qml-09318864b678,runs/final_discovery_run_v1_review_candidates/USEFUL_SUBROUTINE_CANDIDATE/fdv1_public_probe_v1_001__qml-09318864b678,1,runs/final_discovery_run_v1_review_candidates/USEFUL_SUBROUTINE_CANDIDATE/fdv1_public_probe_v1_001__qml-09318864b678,DEMOTE_GENERIC,PASS,True,DIAGNOSTIC_ONLY,UNVERIFIED,BLACK_BOX_ASSUMPTION,BASELINE_UNVERIFIED,,S1_OUTPUT_RECOVERABILITY;S2_ACCESS_UPGRADE;S3_ORACLE_CONSTRUCTION;S4_BEST_BASELINE
qfam-c7655328dff4,String-Matching with Finite Automata,quantum_backtracking_tree_search,UNKNOWN,coherent_backtracking_tree_oracle,implicit_backtracking_tree_problem,fdv1_registry_v1_probes_001__qml-9b0452712189,runs/final_discovery_run_v1_review_candidates/HIGH_PRIORITY_EXPERT_REVIEW/fdv1_registry_v1_probes_001__qml-9b0452712189,1,runs/final_discovery_run_v1_review_candidates/HIGH_PRIORITY_EXPERT_REVIEW/fdv1_registry_v1_probes_001__qml-9b0452712189,REFORMULATE,PASS,True,UNKNOWN,UNVERIFIED,BLACK_BOX_ASSUMPTION,BASELINE_UNVERIFIED,,S1_OUTPUT_RECOVERABILITY;S2_ACCESS_UPGRADE;S3_ORACLE_CONSTRUCTION;S4_BEST_BASELINE
qfam-c8d1db3b82c8,Dynamic Programming Algorithm (S. S. Godbole),amplitude_amplification,FULL_RESULT,coherent_boolean_oracle,UNSPECIFIED,fdv1_public_probe_v1_001__qml-df8c4194b6dd,runs/final_discovery_run_v1_review_candidates/USEFUL_SUBROUTINE_CANDIDATE/fdv1_public_probe_v1_001__qml-df8c4194b6dd,1,runs/final_discovery_run_v1_review_candidates/USEFUL_SUBROUTINE_CANDIDATE/fdv1_public_probe_v1_001__qml-df8c4194b6dd,DEMOTE_GENERIC,PASS,True,DIAGNOSTIC_ONLY,UNVERIFIED,BLACK_BOX_ASSUMPTION,BASELINE_UNVERIFIED,,S1_OUTPUT_RECOVERABILITY;S2_ACCESS_UPGRADE;S3_ORACLE_CONSTRUCTION;S4_BEST_BASELINE
qfam-c91f0a35e2bf,Multilevel queue scheduling,amplitude_amplification,FULL_RESULT,coherent_boolean_oracle,UNSPECIFIED,fdv1_public_probe_v1_012__qml-ed381bd445ca,runs/final_discovery_run_v1_review_candidates/USEFUL_SUBROUTINE_CANDIDATE/fdv1_public_probe_v1_012__qml-ed381bd445ca,1,runs/final_discovery_run_v1_review_candidates/USEFUL_SUBROUTINE_CANDIDATE/fdv1_public_probe_v1_012__qml-ed381bd445ca,DEMOTE_GENERIC,PASS,True,DIAGNOSTIC_ONLY,UNVERIFIED,BLACK_BOX_ASSUMPTION,BASELINE_UNVERIFIED,,S1_OUTPUT_RECOVERABILITY;S2_ACCESS_UPGRADE;S3_ORACLE_CONSTRUCTION;S4_BEST_BASELINE
qfam-cb1e070379b7,Ocone,quantum_minimum_finding,UNKNOWN,coherent_value_oracle,finite_candidate_set_problem,fdv1_registry_v1_probes_001__qml-44a53e860003,runs/final_discovery_run_v1_review_candidates/HIGH_PRIORITY_EXPERT_REVIEW/fdv1_registry_v1_probes_001__qml-44a53e860003,1,runs/final_discovery_run_v1_review_candidates/HIGH_PRIORITY_EXPERT_REVIEW/fdv1_registry_v1_probes_001__qml-44a53e860003,REFORMULATE,PASS,True,UNKNOWN,UNVERIFIED,BLACK_BOX_ASSUMPTION,BASELINE_UNVERIFIED,,S1_OUTPUT_RECOVERABILITY;S2_ACCESS_UPGRADE;S3_ORACLE_CONSTRUCTION;S4_BEST_BASELINE
qfam-cb573ddd7b95,Horowitz and Sahni,amplitude_amplification,FULL_RESULT,coherent_boolean_oracle,UNSPECIFIED,fdv1_public_probe_v1_002__qml-f8b0f5e71a66,runs/final_discovery_run_v1_review_candidates/USEFUL_SUBROUTINE_CANDIDATE/fdv1_public_probe_v1_002__qml-f8b0f5e71a66,1,runs/final_discovery_run_v1_review_candidates/USEFUL_SUBROUTINE_CANDIDATE/fdv1_public_probe_v1_002__qml-f8b0f5e71a66,DEMOTE_GENERIC,PASS,True,DIAGNOSTIC_ONLY,UNVERIFIED,BLACK_BOX_ASSUMPTION,BASELINE_UNVERIFIED,,S1_OUTPUT_RECOVERABILITY;S2_ACCESS_UPGRADE;S3_ORACLE_CONSTRUCTION;S4_BEST_BASELINE
qfam-cc7211635423,Priority scheduling,amplitude_estimation,FULL_RESULT,coherent_estimation_oracle,explicit_optimization_problem,fdv1_public_probe_v1_012__qml-608432653dd5,runs/final_discovery_run_v1_review_candidates/USEFUL_SUBROUTINE_CANDIDATE/fdv1_public_probe_v1_012__qml-608432653dd5,1,runs/final_discovery_run_v1_review_candidates/USEFUL_SUBROUTINE_CANDIDATE/fdv1_public_probe_v1_012__qml-608432653dd5,DEMOTE_GENERIC,PASS,True,DIAGNOSTIC_ONLY,UNVERIFIED,BLACK_BOX_ASSUMPTION,BASELINE_UNVERIFIED,,S1_OUTPUT_RECOVERABILITY;S2_ACCESS_UPGRADE;S3_ORACLE_CONSTRUCTION;S4_BEST_BASELINE
qfam-ceb0c6f14ba4,Pferschy,quantum_counting,UNKNOWN,coherent_boolean_oracle,UNSPECIFIED,fdv1_registry_v1_probes_001__qml-82e88c56086e,runs/final_discovery_run_v1_review_candidates/HIGH_PRIORITY_EXPERT_REVIEW/fdv1_registry_v1_probes_001__qml-82e88c56086e,1,runs/final_discovery_run_v1_review_candidates/HIGH_PRIORITY_EXPERT_REVIEW/fdv1_registry_v1_probes_001__qml-82e88c56086e,REFORMULATE,PASS,True,UNKNOWN,UNVERIFIED,BLACK_BOX_ASSUMPTION,BASELINE_UNVERIFIED,,S1_OUTPUT_RECOVERABILITY;S2_ACCESS_UPGRADE;S3_ORACLE_CONSTRUCTION;S4_BEST_BASELINE
qfam-d3bc23010dfd,Nivasch,quantum_counting,UNKNOWN,coherent_boolean_oracle,marked_set_counting_problem,fdv1_registry_v1_probes_001__qml-f59ba12e0e0f,runs/final_discovery_run_v1_review_candidates/HIGH_PRIORITY_EXPERT_REVIEW/fdv1_registry_v1_probes_001__qml-f59ba12e0e0f,1,runs/final_discovery_run_v1_review_candidates/HIGH_PRIORITY_EXPERT_REVIEW/fdv1_registry_v1_probes_001__qml-f59ba12e0e0f,REFORMULATE,PASS,True,UNKNOWN,UNVERIFIED,BLACK_BOX_ASSUMPTION,BASELINE_UNVERIFIED,,S1_OUTPUT_RECOVERABILITY;S2_ACCESS_UPGRADE;S3_ORACLE_CONSTRUCTION;S4_BEST_BASELINE
qfam-d5d20ca7e294,K. Mikolajczyk K. and C. Schmid LoG 2004,amplitude_amplification,FULL_RESULT,coherent_boolean_oracle,UNSPECIFIED,fdv1_public_probe_v1_006__qml-95efa6b987f1,runs/final_discovery_run_v1_review_candidates/USEFUL_SUBROUTINE_CANDIDATE/fdv1_public_probe_v1_006__qml-95efa6b987f1,1,runs/final_discovery_run_v1_review_candidates/USEFUL_SUBROUTINE_CANDIDATE/fdv1_public_probe_v1_006__qml-95efa6b987f1,DEMOTE_GENERIC,PASS,True,DIAGNOSTIC_ONLY,UNVERIFIED,BLACK_BOX_ASSUMPTION,BASELINE_UNVERIFIED,,S1_OUTPUT_RECOVERABILITY;S2_ACCESS_UPGRADE;S3_ORACLE_CONSTRUCTION;S4_BEST_BASELINE
qfam-da96df54ba38,bcrypt,amplitude_amplification,FULL_RESULT,coherent_boolean_oracle,UNSPECIFIED,fdv1_public_probe_v1_012__qml-6ca2b4851427,runs/final_discovery_run_v1_review_candidates/USEFUL_SUBROUTINE_CANDIDATE/fdv1_public_probe_v1_012__qml-6ca2b4851427,1,runs/final_discovery_run_v1_review_candidates/USEFUL_SUBROUTINE_CANDIDATE/fdv1_public_probe_v1_012__qml-6ca2b4851427,DEMOTE_GENERIC,PASS,True,DIAGNOSTIC_ONLY,UNVERIFIED,BLACK_BOX_ASSUMPTION,BASELINE_UNVERIFIED,,S1_OUTPUT_RECOVERABILITY;S2_ACCESS_UPGRADE;S3_ORACLE_CONSTRUCTION;S4_BEST_BASELINE
qfam-dbe8633e9d67,Serang,amplitude_amplification,UNKNOWN,coherent_boolean_oracle,UNSPECIFIED,fdv1_public_probe_v1_001__qml-99b4972422d2,runs/final_discovery_run_v1_review_candidates/USEFUL_SUBROUTINE_CANDIDATE/fdv1_public_probe_v1_001__qml-99b4972422d2,2,runs/final_discovery_run_v1_review_candidates/USEFUL_SUBROUTINE_CANDIDATE/fdv1_public_probe_v1_001__qml-99b4972422d2;runs/final_discovery_run_v1_review_candidates/USEFUL_SUBROUTINE_CANDIDATE/fdv1_public_probe_v1_001__qml-f054e83063bb,DEMOTE_GENERIC,PASS,True,UNKNOWN,UNVERIFIED,BLACK_BOX_ASSUMPTION,BASELINE_UNVERIFIED,,S1_OUTPUT_RECOVERABILITY;S2_ACCESS_UPGRADE;S3_ORACLE_CONSTRUCTION;S4_BEST_BASELINE
qfam-e624042d775a,Gosper's algorithm,quantum_counting,UNKNOWN,coherent_boolean_oracle,UNSPECIFIED,fdv1_registry_v1_probes_001__qml-bb7efcfe1b76,runs/final_discovery_run_v1_review_candidates/HIGH_PRIORITY_EXPERT_REVIEW/fdv1_registry_v1_probes_001__qml-bb7efcfe1b76,1,runs/final_discovery_run_v1_review_candidates/HIGH_PRIORITY_EXPERT_REVIEW/fdv1_registry_v1_probes_001__qml-bb7efcfe1b76,REFORMULATE,PASS,True,UNKNOWN,UNVERIFIED,BLACK_BOX_ASSUMPTION,BASELINE_UNVERIFIED,,S1_OUTPUT_RECOVERABILITY;S2_ACCESS_UPGRADE;S3_ORACLE_CONSTRUCTION;S4_BEST_BASELINE
qfam-e65c6169102c,Bellman dynamic programming algorithm,amplitude_amplification,UNKNOWN,coherent_boolean_oracle,UNSPECIFIED,fdv1_public_probe_v1_002__qml-556df9164034,runs/final_discovery_run_v1_review_candidates/USEFUL_SUBROUTINE_CANDIDATE/fdv1_public_probe_v1_002__qml-556df9164034,1,runs/final_discovery_run_v1_review_candidates/USEFUL_SUBROUTINE_CANDIDATE/fdv1_public_probe_v1_002__qml-556df9164034,DEMOTE_GENERIC,PASS,True,UNKNOWN,UNVERIFIED,BLACK_BOX_ASSUMPTION,BASELINE_UNVERIFIED,,S1_OUTPUT_RECOVERABILITY;S2_ACCESS_UPGRADE;S3_ORACLE_CONSTRUCTION;S4_BEST_BASELINE
qfam-eaedcef9ddca,Durstenfeld's Algorithm 235,amplitude_estimation,UNKNOWN,coherent_estimation_oracle,explicit_combinatorial_problem,fdv1_public_probe_v1_007__qml-b133fcf2612f,runs/final_discovery_run_v1_review_candidates/USEFUL_SUBROUTINE_CANDIDATE/fdv1_public_probe_v1_007__qml-b133fcf2612f,1,runs/final_discovery_run_v1_review_candidates/USEFUL_SUBROUTINE_CANDIDATE/fdv1_public_probe_v1_007__qml-b133fcf2612f,DEMOTE_GENERIC,PASS,True,UNKNOWN,UNVERIFIED,BLACK_BOX_ASSUMPTION,BASELINE_UNVERIFIED,,S1_OUTPUT_RECOVERABILITY;S2_ACCESS_UPGRADE;S3_ORACLE_CONSTRUCTION;S4_BEST_BASELINE
qfam-ec9406e6479c,HyperLogLog++,quantum_counting,UNKNOWN,coherent_boolean_oracle,marked_set_counting_problem,fdv1_registry_v1_probes_001__qml-c02d89772793,runs/final_discovery_run_v1_review_candidates/HIGH_PRIORITY_EXPERT_REVIEW/fdv1_registry_v1_probes_001__qml-c02d89772793,1,runs/final_discovery_run_v1_review_candidates/HIGH_PRIORITY_EXPERT_REVIEW/fdv1_registry_v1_probes_001__qml-c02d89772793,REFORMULATE,PASS,True,UNKNOWN,UNVERIFIED,BLACK_BOX_ASSUMPTION,BASELINE_UNVERIFIED,,S1_OUTPUT_RECOVERABILITY;S2_ACCESS_UPGRADE;S3_ORACLE_CONSTRUCTION;S4_BEST_BASELINE
qfam-f0260d23ba09,HyperLogLog algorithm,quantum_counting,UNKNOWN,coherent_boolean_oracle,marked_set_counting_problem,fdv1_registry_v1_probes_001__qml-a016f8127ae5,runs/final_discovery_run_v1_review_candidates/HIGH_PRIORITY_EXPERT_REVIEW/fdv1_registry_v1_probes_001__qml-a016f8127ae5,1,runs/final_discovery_run_v1_review_candidates/HIGH_PRIORITY_EXPERT_REVIEW/fdv1_registry_v1_probes_001__qml-a016f8127ae5,REFORMULATE,PASS,True,UNKNOWN,UNVERIFIED,BLACK_BOX_ASSUMPTION,BASELINE_UNVERIFIED,,S1_OUTPUT_RECOVERABILITY;S2_ACCESS_UPGRADE;S3_ORACLE_CONSTRUCTION;S4_BEST_BASELINE
qfam-f03f97f28e8b,Simplified Memory-Bounded A* (SMA*),amplitude_amplification,FULL_RESULT,coherent_boolean_oracle,UNSPECIFIED,fdv1_public_probe_v1_002__qml-3d1562c2b2c8,runs/final_discovery_run_v1_review_candidates/USEFUL_SUBROUTINE_CANDIDATE/fdv1_public_probe_v1_002__qml-3d1562c2b2c8,1,runs/final_discovery_run_v1_review_candidates/USEFUL_SUBROUTINE_CANDIDATE/fdv1_public_probe_v1_002__qml-3d1562c2b2c8,DEMOTE_GENERIC,PASS,True,DIAGNOSTIC_ONLY,UNVERIFIED,BLACK_BOX_ASSUMPTION,BASELINE_UNVERIFIED,,S1_OUTPUT_RECOVERABILITY;S2_ACCESS_UPGRADE;S3_ORACLE_CONSTRUCTION;S4_BEST_BASELINE
qfam-f0ed3ba7473b,A* Algorithm,amplitude_amplification,FULL_RESULT,coherent_boolean_oracle,UNSPECIFIED,fdv1_public_probe_v1_001__qml-a1150e5c245f,runs/final_discovery_run_v1_review_candidates/USEFUL_SUBROUTINE_CANDIDATE/fdv1_public_probe_v1_001__qml-a1150e5c245f,1,runs/final_discovery_run_v1_review_candidates/USEFUL_SUBROUTINE_CANDIDATE/fdv1_public_probe_v1_001__qml-a1150e5c245f,DEMOTE_GENERIC,PASS,True,DIAGNOSTIC_ONLY,UNVERIFIED,BLACK_BOX_ASSUMPTION,BASELINE_UNVERIFIED,,S1_OUTPUT_RECOVERABILITY;S2_ACCESS_UPGRADE;S3_ORACLE_CONSTRUCTION;S4_BEST_BASELINE
qfam-f3c502b93483,Lawrence Gibbs Sampling,amplitude_estimation,SCALAR,coherent_estimation_oracle,explicit_numerical_problem,fdv1_public_probe_v1_001__qml-2f26fdc62c56,runs/final_discovery_run_v1_review_candidates/USEFUL_SUBROUTINE_CANDIDATE/fdv1_public_probe_v1_001__qml-2f26fdc62c56,1,runs/final_discovery_run_v1_review_candidates/USEFUL_SUBROUTINE_CANDIDATE/fdv1_public_probe_v1_001__qml-2f26fdc62c56,DEMOTE_GENERIC,PASS,True,EXACT_OUTPUT_MATCH,UNVERIFIED,BLACK_BOX_ASSUMPTION,BASELINE_UNVERIFIED,,S2_ACCESS_UPGRADE;S3_ORACLE_CONSTRUCTION;S4_BEST_BASELINE
qfam-f8881886899a,Basic Local Alignment Search Tool (BLAST),quantum_backtracking_tree_search,UNKNOWN,coherent_backtracking_tree_oracle,implicit_backtracking_tree_problem,fdv1_registry_v1_probes_001__qml-125ddce770b7,runs/final_discovery_run_v1_review_candidates/HIGH_PRIORITY_EXPERT_REVIEW/fdv1_registry_v1_probes_001__qml-125ddce770b7,1,runs/final_discovery_run_v1_review_candidates/HIGH_PRIORITY_EXPERT_REVIEW/fdv1_registry_v1_probes_001__qml-125ddce770b7,REFORMULATE,PASS,True,UNKNOWN,UNVERIFIED,BLACK_BOX_ASSUMPTION,BASELINE_UNVERIFIED,,S1_OUTPUT_RECOVERABILITY;S2_ACCESS_UPGRADE;S3_ORACLE_CONSTRUCTION;S4_BEST_BASELINE
qfam-f97a0731e1c7,Iterative Deepening A* (IDA*),amplitude_amplification,FULL_RESULT,coherent_boolean_oracle,UNSPECIFIED,fdv1_public_probe_v1_001__qml-dc0da9900dad,runs/final_discovery_run_v1_review_candidates/USEFUL_SUBROUTINE_CANDIDATE/fdv1_public_probe_v1_001__qml-dc0da9900dad,1,runs/final_discovery_run_v1_review_candidates/USEFUL_SUBROUTINE_CANDIDATE/fdv1_public_probe_v1_001__qml-dc0da9900dad,DEMOTE_GENERIC,PASS,True,DIAGNOSTIC_ONLY,UNVERIFIED,BLACK_BOX_ASSUMPTION,BASELINE_UNVERIFIED,,S1_OUTPUT_RECOVERABILITY;S2_ACCESS_UPGRADE;S3_ORACLE_CONSTRUCTION;S4_BEST_BASELINE
qfam-f993fd7dfa85,Bentley–Ottmann algorithm,amplitude_amplification,FULL_RESULT,coherent_boolean_oracle,UNSPECIFIED,fdv1_public_probe_v1_001__qml-229ab9d48a68,runs/final_discovery_run_v1_review_candidates/USEFUL_SUBROUTINE_CANDIDATE/fdv1_public_probe_v1_001__qml-229ab9d48a68,1,runs/final_discovery_run_v1_review_candidates/USEFUL_SUBROUTINE_CANDIDATE/fdv1_public_probe_v1_001__qml-229ab9d48a68,DEMOTE_GENERIC,PASS,True,DIAGNOSTIC_ONLY,UNVERIFIED,BLACK_BOX_ASSUMPTION,BASELINE_UNVERIFIED,,S1_OUTPUT_RECOVERABILITY;S2_ACCESS_UPGRADE;S3_ORACLE_CONSTRUCTION;S4_BEST_BASELINE
qfam-fbe729749643,O(n\log n) Dynamic Programming,amplitude_amplification,FULL_RESULT,coherent_boolean_oracle,UNSPECIFIED,fdv1_public_probe_v1_012__qml-69ccd238c970,runs/final_discovery_run_v1_review_candidates/USEFUL_SUBROUTINE_CANDIDATE/fdv1_public_probe_v1_012__qml-69ccd238c970,1,runs/final_discovery_run_v1_review_candidates/USEFUL_SUBROUTINE_CANDIDATE/fdv1_public_probe_v1_012__qml-69ccd238c970,DEMOTE_GENERIC,PASS,True,DIAGNOSTIC_ONLY,UNVERIFIED,BLACK_BOX_ASSUMPTION,BASELINE_UNVERIFIED,,S1_OUTPUT_RECOVERABILITY;S2_ACCESS_UPGRADE;S3_ORACLE_CONSTRUCTION;S4_BEST_BASELINE
qfam-ffa77f490817,Miller and Myers,amplitude_amplification,FULL_RESULT,coherent_boolean_oracle,UNSPECIFIED,fdv1_public_probe_v1_006__qml-e91ff6c740fa,runs/final_discovery_run_v1_review_candidates/USEFUL_SUBROUTINE_CANDIDATE/fdv1_public_probe_v1_006__qml-e91ff6c740fa,1,runs/final_discovery_run_v1_review_candidates/USEFUL_SUBROUTINE_CANDIDATE/fdv1_public_probe_v1_006__qml-e91ff6c740fa,DEMOTE_GENERIC,PASS,True,DIAGNOSTIC_ONLY,UNVERIFIED,BLACK_BOX_ASSUMPTION,BASELINE_UNVERIFIED,,S1_OUTPUT_RECOVERABILITY;S2_ACCESS_UPGRADE;S3_ORACLE_CONSTRUCTION;S4_BEST_BASELINE
qfam-ffb35955b55c,Commentz-Walter Algorithm,quantum_backtracking_tree_search,UNKNOWN,coherent_backtracking_tree_oracle,implicit_backtracking_tree_problem,fdv1_registry_v1_probes_001__qml-8bc6bfeb4e07,runs/final_discovery_run_v1_review_candidates/HIGH_PRIORITY_EXPERT_REVIEW/fdv1_registry_v1_probes_001__qml-8bc6bfeb4e07,1,runs/final_discovery_run_v1_review_candidates/HIGH_PRIORITY_EXPERT_REVIEW/fdv1_registry_v1_probes_001__qml-8bc6bfeb4e07,REFORMULATE,PASS,True,UNKNOWN,UNVERIFIED,BLACK_BOX_ASSUMPTION,BASELINE_UNVERIFIED,,S1_OUTPUT_RECOVERABILITY;S2_ACCESS_UPGRADE;S3_ORACLE_CONSTRUCTION;S4_BEST_BASELINE
